;date;ghostrider44;Peilscheibe;Henri97;changchun_1;micha_k;Quarkteilchen;L___I;UE_Su;sargafl;MitteloberrheinischerWaldameisenschreck;DirkScheumann;st0rm-r1der;Eric B\xc3\xb6hnisch-Volkmann;mrab;Yokr;Albrecht Kurz;townlion;quellcode1234;st1974;Loth;xMaxnetx;trapicki;rkrause;whb;TheCrazyMaffin;okilimu;Geofreund1;Wariner;Shezi;Impecco;skyper;Lizium;Kasamap;Stingray80;michael2402;Baw\xc3\xbcTata;fraq42;navigate1972;ramack;iamdavid;hagu;jf_simon;srikmar;blue_fire;Qwave;Slumpine;Stefan Karl;Ethera;Mitsch;WanderTobi;Walter Schl\xc3\xb6gl;Jorisbo;MarkusHD;Markus K;MaestroGlanz;bikeboerny;Maki001;singhiyv;Nakaner;alleswasbewegt_de;KVI0n;Nonexhudlix;Freischneider;Daniel22Ka;Tschaeck;AtomMapper;frunk!;AllesMeins;sierra-uniform;Oehly18;remoh10;regedemu;adlermb201;fanzinies;Ze0zohk1;friedel_hn;fx99;geodreieck4711;Westwind;icebird333;j1scad;kartler175;mapper999;Voitl-Fan;Troynie;miles25;miscosm;SteveK;asnghpi;*cw
0;2022-01-01;370;305;;22;11;23;;;;13;12;12;4;11;11;10;9;8;;8;7;6;6;;2.0;5;4;4;;4;4;4;3;3;3;3;3;2;2;2;2;;2;2;2;2;2;2;2;2;2;2;2;2;2;1;1;1.0;1;;1;1;1;1;;1;;1;1;1.0;1;1.0;1;1;1.0;1;1;1;1;1;1.0;1.0;1.0;1;1.0;1;1;1;1;1
1;2022-01-02;370;305;;22;11;23;;;;13;12;12;4;11;11;10;9;8;;8;7;6;6;;2.0;5;4;4;;4;4;4;3;3;3;3;3;2;2;2;2;;2;2;2;2;2;2;2;2;2;2;2;2;2;1;1;1.0;1;;1;1;1;1;;1;;1;1;1.0;1;1.0;1;1;1.0;1;1;1;1;1;1.0;1.0;1.0;1;1.0;1;1;1;1;1
2;2022-01-03;370;305;;22;11;23;;;;13;12;12;4;11;11;10;9;8;;8;7;6;6;;2.0;5;4;4;;4;4;4;3;3;3;3;3;2;2;2;2;;2;2;2;2;2;2;2;2;2;2;2;2;2;1;1;1.0;1;;1;1;1;1;;1;;1;1;1.0;1;1.0;1;1;1.0;1;1;1;1;1;1.0;1.0;1.0;1;1.0;1;1;1;1;1
3;2022-01-04;370;305;;22;11;23;;;;13;12;12;4;11;11;10;9;8;;8;7;6;6;;2.0;5;4;4;;4;4;4;3;3;3;3;3;2;2;2;2;;2;2;2;2;2;2;2;2;2;2;2;2;2;1;1;1.0;1;;1;1;1;1;;1;;1;1;1.0;1;1.0;1;1;1.0;1;1;1;1;1;1.0;1.0;1.0;1;1.0;1;1;1;1;1
4;2022-01-05;370;305;;22;11;23;;;;13;12;12;4;11;11;10;9;8;;8;7;6;6;;2.0;5;4;4;;4;4;4;3;3;3;3;3;2;2;2;2;;2;2;2;2;2;2;2;2;2;2;2;2;2;1;1;1.0;1;;1;1;1;1;;1;;1;1;1.0;1;1.0;1;1;1.0;1;1;1;1;1;1.0;1.0;1.0;1;1.0;1;1;1;1;1
5;2022-01-06;370;305;;22;11;23;;;;13;12;12;4;11;11;10;9;8;;8;7;6;6;;2.0;5;4;4;;4;4;4;3;3;3;3;3;2;2;2;2;;2;2;2;2;2;2;2;2;2;2;2;2;2;1;1;1.0;1;;1;1;1;1;;1;;1;1;1.0;1;1.0;1;1;1.0;1;1;1;1;1;1.0;1.0;1.0;1;1.0;1;1;1;1;1
6;2022-01-07;370;305;;22;11;23;;;;13;12;12;4;11;11;10;9;8;;8;7;6;6;;2.0;5;4;4;;4;4;4;3;3;3;3;3;2;2;2;2;;2;2;2;2;2;2;2;2;2;2;2;2;2;1;1;1.0;1;;1;1;1;1;;1;;1;1;1.0;1;1.0;1;1;1.0;1;1;1;1;1;1.0;1.0;1.0;1;1.0;1;1;1;1;1
7;2022-01-08;370;305;;22;11;23;;;;13;12;12;4;11;11;10;9;8;;8;7;6;6;;2.0;5;4;4;;4;4;4;3;3;3;3;3;2;2;2;2;;2;2;2;2;2;2;2;2;2;2;2;2;2;1;1;1.0;1;;1;1;1;1;;1;;1;1;1.0;1;1.0;1;1;1.0;1;1;1;1;1;1.0;1.0;1.0;1;1.0;1;1;1;1;1
8;2022-01-09;370;305;;22;11;23;;;;13;12;12;4;11;11;10;9;8;;8;7;6;6;;2.0;5;4;4;;4;4;4;3;3;3;3;3;2;2;2;2;;2;2;2;2;2;2;2;2;2;2;2;2;2;1;1;1.0;1;;1;1;1;1;;1;;1;1;1.0;1;1.0;1;1;1.0;1;1;1;1;1;1.0;1.0;1.0;1;1.0;1;1;1;1;1
9;2022-01-10;370;305;;22;11;23;;;;13;12;12;4;11;11;10;9;8;;8;7;6;6;;2.0;5;4;4;;4;4;4;3;3;3;3;3;2;2;2;2;;2;2;2;2;2;2;2;2;2;2;2;2;2;1;1;1.0;1;;1;1;1;1;;1;;1;1;1.0;1;1.0;1;1;1.0;1;1;1;1;1;1.0;1.0;1.0;1;1.0;1;1;1;1;1
10;2022-01-11;370;305;;22;11;23;;;;13;12;12;4;11;11;10;9;8;;8;7;6;6;;2.0;5;4;4;;4;4;4;3;3;3;3;3;2;2;2;2;;2;2;2;2;2;2;2;2;2;2;2;2;2;1;1;1.0;1;;1;1;1;1;;1;;1;1;1.0;1;1.0;1;1;1.0;1;1;1;1;1;1.0;1.0;1.0;1;1.0;1;1;1;1;1
11;2022-01-12;370;305;;22;11;23;;;;13;12;12;4;11;11;10;9;8;;8;7;6;6;;2.0;5;4;4;;4;4;4;3;3;3;3;3;2;2;2;2;;2;2;2;2;2;2;2;2;2;2;2;2;2;1;1;1.0;1;;1;1;1;1;;1;;1;1;1.0;1;1.0;1;1;1.0;1;1;1;1;1;1.0;1.0;1.0;1;1.0;1;1;1;1;1
12;2022-01-13;370;305;;22;11;23;;;;13;12;12;4;11;11;10;9;8;;8;7;6;6;;2.0;5;4;4;;4;4;4;3;3;3;3;3;2;2;2;2;;2;2;2;2;2;2;2;2;2;2;2;2;2;1;1;1.0;1;;1;1;1;1;;1;;1;1;1.0;1;1.0;1;1;1.0;1;1;1;1;1;1.0;1.0;1.0;1;1.0;1;1;1;1;1
13;2022-01-14;370;305;;22;11;23;;;;13;12;12;4;11;11;10;9;8;;8;7;6;6;;2.0;5;4;4;;4;4;4;3;3;3;3;3;2;2;2;2;;2;2;2;2;2;2;2;2;2;2;2;2;2;1;1;1.0;1;;1;1;1;1;;1;;1;1;1.0;1;1.0;1;1;1.0;1;1;1;1;1;1.0;1.0;1.0;1;1.0;1;1;1;1;1
14;2022-01-15;370;305;;22;11;23;;;;13;12;12;4;11;11;10;9;8;;8;7;6;6;;2.0;5;4;4;;4;4;4;3;3;3;3;3;2;2;2;2;;2;2;2;2;2;2;2;2;2;2;2;2;2;1;1;1.0;1;;1;1;1;1;;1;;1;1;1.0;1;1.0;1;1;1.0;1;1;1;1;1;1.0;1.0;1.0;1;1.0;1;1;1;1;1
15;2022-01-16;370;305;;22;11;23;;;;13;12;12;4;11;11;10;9;8;;8;7;6;6;;2.0;5;4;4;;4;4;4;3;3;3;3;3;2;2;2;2;;2;2;2;2;2;2;2;2;2;2;2;2;2;1;1;1.0;1;;1;1;1;1;;1;;1;1;1.0;1;1.0;1;1;1.0;1;1;1;1;1;1.0;1.0;1.0;1;1.0;1;1;1;1;1
16;2022-01-17;370;305;;22;11;23;;;;13;12;12;4;11;11;10;9;8;;8;7;6;6;;2.0;5;4;4;;4;4;4;3;3;3;3;3;2;2;2;2;;2;2;2;2;2;2;2;2;2;2;2;2;2;1;1;1.0;1;;1;1;1;1;;1;;1;1;1.0;1;1.0;1;1;1.0;1;1;1;1;1;1.0;1.0;1.0;1;1.0;1;1;1;1;1
17;2022-01-18;370;305;;22;11;23;;;;13;12;12;4;11;11;10;9;8;;8;7;6;6;;2.0;5;4;4;;4;4;4;3;3;3;3;3;2;2;2;2;;2;2;2;2;2;2;2;2;2;2;2;2;2;1;1;1.0;1;;1;1;1;1;;1;;1;1;1.0;1;1.0;1;1;1.0;1;1;1;1;1;1.0;1.0;1.0;1;1.0;1;1;1;1;1
18;2022-01-19;370;305;;22;11;23;;;;13;12;12;4;11;11;10;9;8;;8;7;6;6;;2.0;5;4;4;;4;4;4;3;3;3;3;3;2;2;2;2;;2;2;2;2;2;2;2;2;2;2;2;2;2;1;1;1.0;1;;1;1;1;1;;1;;1;1;1.0;1;1.0;1;1;1.0;1;1;1;1;1;1.0;1.0;1.0;1;1.0;1;1;1;1;1
19;2022-01-20;370;305;;22;11;23;;;;13;12;12;4;11;11;10;9;8;;8;7;6;6;;2.0;5;4;4;;4;4;4;3;3;3;3;3;2;2;2;2;;2;2;2;2;2;2;2;2;2;2;2;2;2;1;1;1.0;1;;1;1;1;1;;1;;1;1;1.0;1;1.0;1;1;1.0;1;1;1;1;1;1.0;1.0;1.0;1;1.0;1;1;1;1;1
20;2022-01-21;370;305;;22;11;23;;;;13;12;12;4;11;11;10;9;8;;8;7;6;6;;2.0;5;4;4;;4;4;4;3;3;3;3;3;2;2;2;2;;2;2;2;2;2;2;2;2;2;2;2;2;2;1;1;1.0;1;;1;1;1;1;;1;;1;1;1.0;1;1.0;1;1;1.0;1;1;1;1;1;1.0;1.0;1.0;1;1.0;1;1;1;1;1
21;2022-01-22;370;305;;22;11;23;;;;13;12;12;4;11;11;10;9;8;;8;7;6;6;;2.0;5;4;4;;4;4;4;3;3;3;3;3;2;2;2;2;;2;2;2;2;2;2;2;2;2;2;2;2;2;1;1;1.0;1;;1;1;1;1;;1;;1;1;1.0;1;1.0;1;1;1.0;1;1;1;1;1;1.0;1.0;1.0;1;1.0;1;1;1;1;1
22;2022-01-23;370;305;;22;11;23;;;;13;12;12;4;11;11;10;9;8;;8;7;6;6;;2.0;5;4;4;;4;4;4;3;3;3;3;3;2;2;2;2;;2;2;2;2;2;2;2;2;2;2;2;2;2;1;1;1.0;1;;1;1;1;1;;1;;1;1;1.0;1;1.0;1;1;1.0;1;1;1;1;1;1.0;1.0;1.0;1;1.0;1;1;1;1;1
23;2022-01-24;370;305;;22;11;23;;;;13;12;12;4;11;11;10;9;8;;8;7;6;6;;2.0;5;4;4;;4;4;4;3;3;3;3;3;2;2;2;2;;2;2;2;2;2;2;2;2;2;2;2;2;2;1;1;1.0;1;;1;1;1;1;;1;;1;1;1.0;1;1.0;1;1;1.0;1;1;1;1;1;1.0;1.0;1.0;1;1.0;1;1;1;1;1
24;2022-01-25;370;305;;22;11;23;;;;13;12;12;4;11;11;10;9;8;;8;7;6;6;;2.0;5;4;4;;4;4;4;3;3;3;3;3;2;2;2;2;;2;2;2;2;2;2;2;2;2;2;2;2;2;1;1;1.0;1;;1;1;1;1;;1;;1;1;1.0;1;1.0;1;1;1.0;1;1;1;1;1;1.0;1.0;1.0;1;1.0;1;1;1;1;1
25;2022-01-26;370;305;;22;11;23;;;;13;12;12;4;11;11;10;9;8;;8;7;6;6;;2.0;5;4;4;;4;4;4;3;3;3;3;3;2;2;2;2;;2;2;2;2;2;2;2;2;2;2;2;2;2;1;1;1.0;1;;1;1;1;1;;1;;1;1;1.0;1;1.0;1;1;1.0;1;1;1;1;1;1.0;1.0;1.0;1;1.0;1;1;1;1;1
26;2022-01-27;370;305;;22;11;23;;;;13;12;12;4;11;11;10;9;8;;8;7;6;6;;2.0;5;4;4;;4;4;4;3;3;3;3;3;2;2;2;2;;2;2;2;2;2;2;2;2;2;2;2;2;2;1;1;1.0;1;;1;1;1;1;;1;;1;1;1.0;1;1.0;1;1;1.0;1;1;1;1;1;1.0;1.0;1.0;1;1.0;1;1;1;1;1
27;2022-01-28;370;305;;22;11;23;;;;13;12;12;4;11;11;10;9;8;;8;7;6;6;;2.0;5;4;4;;4;4;4;3;3;3;3;3;2;2;2;2;;2;2;2;2;2;2;2;2;2;2;2;2;2;1;1;1.0;1;;1;1;1;1;;1;;1;1;1.0;1;1.0;1;1;1.0;1;1;1;1;1;1.0;1.0;1.0;1;1.0;1;1;1;1;1
28;2022-01-29;357;287;57.0;21;11;23;;;;10;11;12;4;11;11;10;9;8;;8;7;6;6;;;3;4;4;;4;4;4;3;3;3;3;3;2;2;2;2;;1;2;2;2;2;2;2;2;2;2;2;2;2;1;1;1.0;1;;1;1;1;1;;1;;1;1;1.0;1;1.0;1;1;1.0;1;1;1;1;1;1.0;1.0;1.0;1;1.0;1;1;1;1;1
29;2022-01-30;357;287;57.0;21;11;23;;;;10;11;12;4;11;11;10;9;8;;8;7;6;6;;;3;4;4;;4;4;4;3;3;3;3;3;2;2;2;2;;1;2;2;2;2;2;2;2;2;2;2;2;2;1;1;1.0;1;;1;1;1;1;;1;;1;1;1.0;1;1.0;1;1;1.0;1;1;1;1;1;1.0;1.0;1.0;1;1.0;1;1;1;1;1
30;2022-01-31;357;287;57.0;21;11;23;;;;10;11;12;4;11;11;10;9;8;;8;7;6;6;;;3;4;4;;4;4;4;3;3;3;3;3;2;2;2;2;;1;2;2;2;2;2;2;2;2;2;2;2;2;1;1;1.0;1;;1;1;1;1;;1;;1;1;1.0;1;1.0;1;1;1.0;1;1;1;1;1;1.0;1.0;1.0;1;1.0;1;1;1;1;1
31;2022-02-01;357;287;57.0;21;11;23;;;;10;11;12;4;11;11;10;9;8;;8;7;6;6;;;3;4;4;;4;4;4;3;3;3;3;3;2;2;2;2;;1;2;2;2;2;2;2;2;2;2;2;2;2;1;1;1.0;1;;1;1;1;1;;1;;1;1;1.0;1;1.0;1;1;1.0;1;1;1;1;1;1.0;1.0;1.0;1;1.0;1;1;1;1;1
32;2022-02-02;357;287;57.0;21;11;23;;;;10;11;12;4;11;11;10;9;8;;8;7;6;6;;;3;4;4;;4;4;4;3;3;3;3;3;2;2;2;2;;1;2;2;2;2;2;2;2;2;2;2;2;2;1;1;1.0;1;;1;1;1;1;;1;;1;1;1.0;1;1.0;1;1;1.0;1;1;1;1;1;1.0;1.0;1.0;1;1.0;1;1;1;1;1
33;2022-02-03;357;287;57.0;21;11;23;;;;10;11;12;4;11;11;10;9;8;;8;7;6;6;;;3;4;4;;4;4;4;3;3;3;3;3;2;2;2;2;;1;2;2;2;2;2;2;2;2;2;2;2;2;1;1;1.0;1;;1;1;1;1;;1;;1;1;1.0;1;1.0;1;1;1.0;1;1;1;1;1;1.0;1.0;1.0;1;1.0;1;1;1;1;1
34;2022-02-04;357;287;57.0;21;11;23;;;;10;11;12;4;11;11;10;9;8;;8;7;6;6;;;3;4;4;;4;4;4;3;3;3;3;3;2;2;2;2;;1;2;2;2;2;2;2;2;2;2;2;2;2;1;1;1.0;1;;1;1;1;1;;1;;1;1;1.0;1;1.0;1;1;1.0;1;1;1;1;1;1.0;1.0;1.0;1;1.0;1;1;1;1;1
35;2022-02-05;357;287;57.0;21;11;23;;;;10;11;12;4;11;11;10;9;8;;8;7;6;6;;;3;4;4;;4;4;4;3;3;3;3;3;2;2;2;2;;1;2;2;2;2;2;2;2;2;2;2;2;2;1;1;1.0;1;;1;1;1;1;;1;;1;1;1.0;1;1.0;1;1;1.0;1;1;1;1;1;1.0;1.0;1.0;1;1.0;1;1;1;1;1
36;2022-02-06;357;287;57.0;21;11;23;;;;10;11;12;4;11;11;10;9;8;;8;7;6;6;;;3;4;4;;4;4;4;3;3;3;3;3;2;2;2;2;;1;2;2;2;2;2;2;2;2;2;2;2;2;1;1;1.0;1;;1;1;1;1;;1;;1;1;1.0;1;1.0;1;1;1.0;1;1;1;1;1;1.0;1.0;1.0;1;1.0;1;1;1;1;1
37;2022-02-07;357;287;57.0;21;11;23;;;;10;11;12;4;11;11;10;9;8;;8;7;6;6;;;3;4;4;;4;4;4;3;3;3;3;3;2;2;2;2;;1;2;2;2;2;2;2;2;2;2;2;2;2;1;1;1.0;1;;1;1;1;1;;1;;1;1;1.0;1;1.0;1;1;1.0;1;1;1;1;1;1.0;1.0;1.0;1;1.0;1;1;1;1;1
38;2022-02-08;357;286;57.0;21;11;23;;;;10;11;12;4;11;11;10;9;8;;8;7;6;6;;;3;4;4;;4;4;4;3;3;3;3;3;2;2;2;2;;1;2;2;2;2;2;2;2;2;2;2;2;2;1;1;1.0;1;1.0;1;1;1;1;;1;;1;1;1.0;1;1.0;1;1;1.0;1;1;1;1;1;1.0;1.0;1.0;1;1.0;1;1;1;1;1
39;2022-02-09;357;286;57.0;21;11;23;;;;10;11;12;4;11;11;10;9;8;;8;7;6;6;;;3;4;4;;4;4;4;3;3;3;3;3;2;2;2;2;;1;2;2;2;2;2;2;2;2;2;2;2;2;1;1;1.0;1;1.0;1;1;1;1;;1;;1;1;1.0;1;1.0;1;1;1.0;1;1;1;1;1;1.0;1.0;1.0;1;1.0;1;1;1;1;1
40;2022-02-10;357;286;57.0;21;11;23;;;;10;11;12;4;11;11;10;9;8;;8;7;6;6;;;3;4;4;;4;4;4;3;3;3;3;3;2;2;2;2;;1;2;2;2;2;2;2;2;2;2;2;2;2;1;1;1.0;1;1.0;1;1;1;1;;1;;1;1;1.0;1;1.0;1;1;1.0;1;1;1;1;1;1.0;1.0;1.0;1;1.0;1;1;1;1;1
41;2022-02-11;357;286;57.0;21;11;23;;;;10;11;12;4;11;11;10;9;8;;8;7;6;6;;;3;4;4;;4;4;4;3;3;3;3;3;2;2;2;2;;1;2;2;2;2;2;2;2;2;2;2;2;2;1;1;1.0;1;1.0;1;1;1;1;;1;;1;1;1.0;1;1.0;1;1;1.0;1;1;1;1;1;1.0;1.0;1.0;1;1.0;1;1;1;1;1
42;2022-02-12;357;286;57.0;21;11;23;;;;10;11;12;4;11;11;10;9;8;;8;7;6;6;;;3;4;4;;4;4;4;3;3;3;3;3;2;2;2;2;;1;2;2;2;2;2;2;2;2;2;2;2;2;1;1;1.0;1;1.0;1;1;1;1;;1;;1;1;1.0;1;1.0;1;1;1.0;1;1;1;1;1;1.0;1.0;1.0;1;1.0;1;1;1;1;1
43;2022-02-13;357;286;57.0;21;11;23;;;;10;11;12;4;11;11;10;9;8;;8;7;6;6;;;3;4;4;;4;4;4;3;3;3;3;3;2;2;2;2;;1;2;2;2;2;2;2;2;2;2;2;2;2;1;1;1.0;1;1.0;1;1;1;1;;1;;1;1;1.0;1;1.0;1;1;1.0;1;1;1;1;1;1.0;1.0;1.0;1;1.0;1;1;1;1;1
44;2022-02-14;357;286;57.0;21;11;23;;;;10;11;12;4;11;11;10;9;8;;8;7;6;6;;;3;4;4;;4;4;4;3;3;3;3;3;2;2;2;2;;1;2;2;2;2;2;2;2;2;2;2;2;2;1;1;1.0;1;1.0;1;1;1;1;;1;;1;1;1.0;1;1.0;1;1;1.0;1;1;1;1;1;1.0;1.0;1.0;1;1.0;1;1;1;1;1
45;2022-02-15;357;286;57.0;21;11;23;;;;10;11;12;4;11;11;10;9;8;;8;7;6;6;;;3;4;4;;4;4;4;3;3;3;3;3;2;2;2;2;;1;2;2;2;2;2;2;2;2;2;2;2;2;1;1;1.0;1;1.0;1;1;1;1;;1;;1;1;1.0;1;1.0;1;1;1.0;1;1;1;1;1;1.0;1.0;1.0;1;1.0;1;1;1;1;1
46;2022-02-16;357;286;57.0;21;11;23;;;;10;11;12;4;11;11;10;9;8;;8;7;6;6;;;3;4;4;;4;4;4;3;3;3;3;3;2;2;2;2;;1;2;2;2;2;2;2;2;2;2;2;2;2;1;1;1.0;1;1.0;1;1;1;1;;1;;1;1;1.0;1;1.0;1;1;1.0;1;1;1;1;1;1.0;1.0;1.0;1;1.0;1;1;1;1;1
47;2022-02-17;357;286;57.0;21;11;23;;;;10;11;12;4;11;11;10;9;8;;8;7;6;6;;;3;4;4;;4;4;4;3;3;3;3;3;2;2;2;2;;1;2;2;2;2;2;2;2;2;2;2;2;2;1;1;1.0;1;1.0;1;1;1;1;;1;;1;1;1.0;1;1.0;1;1;1.0;1;1;1;1;1;1.0;1.0;1.0;1;1.0;1;1;1;1;1
48;2022-02-18;357;286;57.0;21;11;23;;;;10;11;12;4;11;11;10;9;8;;8;7;6;6;;;3;4;4;;4;4;4;3;3;3;3;3;2;2;2;2;;1;2;2;2;2;2;2;2;2;2;2;2;2;1;1;1.0;1;1.0;1;1;1;1;;1;;1;1;1.0;1;1.0;1;1;1.0;1;1;1;1;1;1.0;1.0;1.0;1;1.0;1;1;1;1;1
49;2022-02-19;357;286;57.0;21;11;23;;;;10;11;12;4;11;11;10;9;8;;8;7;6;6;;;3;4;4;;4;4;4;3;3;3;3;3;2;2;2;2;;1;2;2;2;2;2;2;2;2;2;2;2;2;1;1;1.0;1;1.0;1;1;1;1;;1;;1;1;1.0;1;1.0;1;1;1.0;1;1;1;1;1;1.0;1.0;1.0;1;1.0;1;1;1;1;1
50;2022-02-20;357;286;57.0;21;11;23;;;;10;11;12;4;11;11;10;9;8;;8;7;6;6;;;3;4;4;;4;4;4;3;3;3;3;3;2;2;2;2;;1;2;2;2;2;2;2;2;2;2;2;2;2;1;1;1.0;1;1.0;1;1;1;1;;1;;1;1;1.0;1;1.0;1;1;1.0;1;1;1;1;1;1.0;1.0;1.0;1;1.0;1;1;1;1;1
51;2022-02-21;357;286;57.0;21;11;23;;;;10;11;12;4;11;11;10;9;8;;8;7;6;6;;;3;4;4;;4;4;4;3;3;3;3;3;2;2;2;2;;1;2;2;2;2;2;2;2;2;2;2;2;2;1;1;1.0;1;1.0;1;1;1;1;;1;;1;1;1.0;1;1.0;1;1;1.0;1;1;1;1;1;1.0;1.0;1.0;1;1.0;1;1;1;1;1
52;2022-02-22;357;286;57.0;21;11;23;;;;10;11;12;4;11;11;10;9;8;;8;7;6;6;;;3;4;4;;4;4;4;3;3;3;3;3;2;2;2;2;;1;2;2;2;2;2;2;2;2;2;2;2;2;1;1;1.0;1;1.0;1;1;1;1;;1;;1;1;1.0;1;1.0;1;1;1.0;1;1;1;1;1;1.0;1.0;1.0;1;1.0;1;1;1;1;1
53;2022-02-23;357;286;57.0;21;11;23;;;;10;11;12;4;11;11;10;9;8;;8;7;6;6;;;3;4;4;;4;4;4;3;3;3;3;3;2;2;2;2;;1;2;2;2;2;2;2;2;2;2;2;2;2;1;1;1.0;1;1.0;1;1;1;1;;1;;1;1;1.0;1;1.0;1;1;1.0;1;1;1;1;1;1.0;1.0;1.0;1;1.0;1;1;1;1;1
54;2022-02-24;357;286;57.0;21;11;23;;;;10;11;12;4;11;11;10;9;8;;8;7;6;6;;;3;4;4;;4;4;4;3;3;3;3;3;2;2;2;2;;1;2;2;2;2;2;2;2;2;2;2;2;2;1;1;1.0;1;1.0;1;1;1;1;;1;;1;1;1.0;1;1.0;1;1;1.0;1;1;1;1;1;1.0;1.0;1.0;1;1.0;1;1;1;1;1
55;2022-02-25;357;286;57.0;21;11;23;;;;10;11;12;4;11;11;10;9;8;;8;7;6;6;;;3;4;4;;4;4;4;3;3;3;3;3;2;2;2;2;;1;2;2;2;2;2;2;2;2;2;2;2;2;1;1;1.0;1;1.0;1;1;1;1;;1;;1;1;1.0;1;1.0;1;1;1.0;1;1;1;1;1;1.0;1.0;1.0;1;1.0;1;1;1;1;1
56;2022-02-26;357;286;57.0;21;11;23;;;;10;11;12;4;11;11;10;9;8;;8;7;6;6;;;3;4;4;;4;4;4;3;3;3;3;3;2;2;2;2;;1;2;2;2;2;2;2;2;2;2;2;2;2;1;1;1.0;1;1.0;1;1;1;1;;1;;1;1;1.0;1;1.0;1;1;1.0;1;1;1;1;1;1.0;1.0;1.0;1;1.0;1;1;1;1;1
57;2022-02-27;357;286;57.0;21;11;23;;1.0;;10;11;12;4;11;11;10;9;7;;8;7;6;6;;;3;4;4;;4;4;4;3;3;3;3;3;2;2;2;2;;1;2;2;2;2;2;2;2;2;2;2;2;2;1;1;1.0;1;1.0;1;1;1;1;;1;;1;1;1.0;1;1.0;1;1;1.0;1;1;1;1;1;1.0;1.0;1.0;1;1.0;1;1;1;1;1
58;2022-02-28;357;286;57.0;21;11;23;;1.0;;10;11;12;4;11;11;10;9;7;;8;7;6;6;;;3;4;4;;4;4;4;3;3;3;3;3;2;2;2;2;;1;2;2;2;2;2;2;2;2;2;2;2;2;1;1;1.0;1;1.0;1;1;1;1;;1;;1;1;1.0;1;1.0;1;1;1.0;1;1;1;1;1;1.0;1.0;1.0;1;1.0;1;1;1;1;1
59;2022-03-01;357;286;57.0;21;11;23;;1.0;;10;11;12;4;11;11;10;9;7;;8;7;6;6;;;3;4;4;;4;4;4;3;3;3;3;3;2;2;2;2;;1;2;2;2;2;2;2;2;2;2;2;2;2;1;1;1.0;1;1.0;1;1;1;1;;1;;1;1;1.0;1;1.0;1;1;1.0;1;1;1;1;1;1.0;1.0;1.0;1;1.0;1;1;1;1;1
60;2022-03-02;357;286;57.0;21;11;23;;1.0;;10;11;12;4;11;11;10;9;7;;8;7;6;6;;;3;4;4;;4;4;4;3;3;3;3;3;2;2;2;2;;1;2;2;2;2;2;2;2;2;2;2;2;2;1;1;1.0;1;1.0;1;1;1;1;;1;;1;1;1.0;1;1.0;1;1;1.0;1;1;1;1;1;1.0;1.0;1.0;1;1.0;1;1;1;1;1
61;2022-03-03;356;285;57.0;21;11;23;;3.0;;10;11;12;4;11;11;10;9;7;;8;7;6;6;;;3;4;4;;4;4;4;3;3;3;3;3;2;2;2;2;;1;2;2;2;2;2;2;2;2;2;2;2;2;1;1;1.0;1;1.0;1;1;1;1;;1;;1;1;1.0;1;1.0;1;1;1.0;1;1;1;1;1;1.0;1.0;1.0;1;1.0;1;1;1;1;1
62;2022-03-04;355;285;57.0;21;11;23;;4.0;;10;11;12;4;11;11;10;9;7;;8;7;6;6;;;3;4;4;;4;4;4;3;3;3;3;3;2;2;2;2;;1;2;2;2;2;2;2;2;2;2;2;2;2;1;1;1.0;1;1.0;1;1;1;1;;1;;1;1;1.0;1;1.0;1;1;1.0;1;1;1;1;1;1.0;1.0;1.0;1;1.0;1;1;1;1;1
63;2022-03-05;355;285;57.0;21;11;23;;4.0;;10;11;12;4;11;11;10;9;7;;8;7;6;6;;;3;4;4;;4;4;4;3;3;3;3;3;2;2;2;2;;1;2;2;2;2;2;2;2;2;2;2;2;2;1;1;1.0;1;1.0;1;1;1;1;;1;;1;1;1.0;1;1.0;1;1;1.0;1;1;1;1;1;1.0;1.0;1.0;1;1.0;1;1;1;1;1
64;2022-03-06;355;285;57.0;21;11;23;;4.0;;10;11;12;4;11;11;10;9;7;;8;7;6;6;;;3;4;4;;4;4;4;3;3;3;3;3;2;2;2;2;;1;2;2;2;2;2;2;2;2;2;2;2;2;1;1;1.0;1;1.0;1;1;1;1;;1;;1;1;1.0;1;1.0;1;1;1.0;1;1;1;1;1;1.0;1.0;1.0;1;1.0;1;1;1;1;1
65;2022-03-07;355;285;57.0;21;11;22;;5.0;;10;11;12;4;11;11;10;9;7;;8;7;6;6;;;3;4;4;;4;4;4;3;3;3;3;3;2;2;2;2;;1;2;2;2;2;2;2;2;2;2;2;2;2;1;1;1.0;1;1.0;1;1;1;1;;1;;1;1;1.0;1;1.0;1;1;1.0;1;1;1;1;1;1.0;1.0;1.0;1;1.0;1;1;1;1;1
66;2022-03-08;355;285;57.0;21;11;22;;5.0;;10;11;12;4;11;11;10;9;7;;8;7;6;6;;;3;4;4;;4;4;4;3;3;3;3;3;2;2;2;2;;1;2;2;2;2;2;2;2;2;2;2;2;2;1;1;1.0;1;1.0;1;1;1;1;;1;;1;1;1.0;1;1.0;1;1;1.0;1;1;1;1;1;1.0;1.0;1.0;1;1.0;1;1;1;1;1
67;2022-03-09;355;285;57.0;21;11;22;;5.0;;10;11;12;4;11;11;10;9;7;;8;7;6;6;;;3;4;4;;4;4;4;3;3;3;3;3;2;2;2;2;;1;2;2;2;2;2;2;2;2;2;2;2;2;1;1;1.0;1;1.0;1;1;1;1;;1;;1;1;1.0;1;1.0;1;1;1.0;1;1;1;1;1;1.0;1.0;1.0;1;1.0;1;1;1;1;1
68;2022-03-10;355;285;57.0;21;11;22;;5.0;;10;11;12;4;11;11;10;9;7;;8;7;6;6;;;3;4;4;;4;4;4;3;3;3;3;3;2;2;2;2;;1;2;2;2;2;2;2;2;2;2;2;2;2;1;1;1.0;1;1.0;1;1;1;1;;1;;1;1;1.0;1;1.0;1;1;1.0;1;1;1;1;1;1.0;1.0;1.0;1;1.0;1;1;1;1;1
69;2022-03-11;355;285;57.0;21;11;22;;5.0;;10;11;12;4;11;11;10;9;7;;8;7;6;6;;;3;4;4;;4;4;4;3;3;3;3;3;2;2;2;2;;1;2;2;2;2;2;2;2;2;2;2;2;2;1;1;1.0;1;1.0;1;1;1;1;;1;;1;1;1.0;1;1.0;1;1;1.0;1;1;1;1;1;1.0;1.0;1.0;1;1.0;1;1;1;1;1
70;2022-03-12;355;285;57.0;21;11;22;;5.0;;10;11;12;4;11;11;10;9;7;;8;7;6;6;;;3;4;4;;4;4;4;3;3;3;3;3;2;2;2;2;;1;2;2;2;2;2;2;2;2;2;2;2;2;1;1;1.0;1;1.0;1;1;1;1;;1;;1;1;1.0;1;1.0;1;1;1.0;1;1;1;1;1;1.0;1.0;1.0;1;1.0;1;1;1;1;1
71;2022-03-13;355;285;57.0;21;12;22;;5.0;;10;11;12;4;11;11;10;9;7;;8;7;6;6;;;3;4;4;;4;4;4;3;3;3;3;3;2;2;2;2;;1;2;2;2;2;2;2;2;2;2;2;2;2;1;1;1.0;1;1.0;1;1;1;1;;1;;1;1;1.0;1;1.0;1;1;1.0;1;1;1;1;1;1.0;1.0;1.0;1;1.0;1;1;1;1;1
72;2022-03-14;355;285;57.0;21;12;22;;5.0;;10;11;12;4;11;11;10;9;7;;8;7;6;6;;;3;4;4;;4;4;4;3;3;3;3;3;2;2;2;2;;1;2;2;2;2;2;2;2;2;2;2;2;2;1;1;1.0;1;1.0;1;1;1;1;;1;;1;1;1.0;1;1.0;1;1;1.0;1;1;1;1;1;1.0;1.0;1.0;1;1.0;1;1;1;1;1
73;2022-03-15;355;285;57.0;21;12;22;;5.0;;10;11;12;4;11;11;10;9;7;;8;7;6;6;;;3;4;4;;4;4;4;3;3;3;3;3;2;2;2;2;;1;2;2;2;2;2;2;2;2;2;2;2;2;1;1;1.0;1;1.0;1;1;1;1;;1;;1;1;1.0;1;1.0;1;1;1.0;1;1;1;1;1;1.0;1.0;1.0;1;1.0;1;1;1;1;1
74;2022-03-16;352;285;57.0;21;12;22;;5.0;;10;11;12;11;11;11;10;9;7;;8;7;6;6;;;3;4;4;;4;4;4;3;3;3;3;3;2;2;2;2;;1;2;2;2;2;2;2;2;2;2;2;2;2;1;1;1.0;1;1.0;1;1;1;1;;1;;1;1;1.0;1;1.0;1;1;1.0;1;1;1;1;1;1.0;1.0;1.0;1;1.0;1;1;1;1;1
75;2022-03-17;352;285;57.0;21;12;22;;5.0;;10;11;12;11;11;11;10;9;7;;8;7;6;6;;;3;4;4;;4;4;4;3;3;3;3;3;2;2;2;2;;1;2;2;2;2;2;2;2;2;2;2;2;2;1;1;1.0;1;1.0;1;1;1;1;;1;;1;1;1.0;1;1.0;1;1;1.0;1;1;1;1;1;1.0;1.0;1.0;1;1.0;1;1;1;1;1
76;2022-03-18;352;284;57.0;21;12;22;;8.0;;10;11;12;11;11;11;10;9;7;;7;7;6;6;;;3;4;4;;4;4;4;3;3;3;2;3;2;2;2;2;;1;2;2;2;2;2;2;2;2;2;2;2;2;1;1;1.0;1;1.0;1;1;1;1;;1;;1;1;1.0;1;1.0;1;1;1.0;1;1;1;1;1;1.0;1.0;1.0;1;1.0;1;1;1;1;1
77;2022-03-19;352;284;57.0;21;12;22;;8.0;;10;11;12;11;11;11;10;9;7;;7;7;6;6;;;3;4;4;;4;4;4;3;3;3;2;3;2;2;2;2;;1;2;2;2;2;2;2;2;2;2;2;2;2;1;1;1.0;1;1.0;1;1;1;1;;1;;1;1;1.0;1;1.0;1;1;1.0;1;1;1;1;1;1.0;1.0;1.0;1;1.0;1;1;1;1;1
78;2022-03-20;352;284;57.0;21;12;22;;8.0;;10;11;12;11;11;11;10;9;7;;7;7;6;6;;;3;4;4;;4;4;4;3;3;3;2;3;2;2;2;2;;1;2;2;2;2;2;2;2;2;2;2;2;2;1;1;1.0;1;1.0;1;1;1;1;;1;;1;1;1.0;1;1.0;1;1;1.0;1;1;1;1;1;1.0;1.0;1.0;1;1.0;1;1;1;1;1
79;2022-03-21;351;282;57.0;21;12;22;;13.0;;10;11;12;11;11;11;10;9;7;;7;7;6;6;;;3;4;4;;3;4;4;3;3;3;2;3;2;2;2;1;;1;2;2;2;2;2;2;2;2;2;2;2;2;1;1;1.0;1;1.0;1;1;1;1;;1;;1;1;1.0;1;1.0;1;1;1.0;1;1;1;1;1;1.0;1.0;1.0;1;1.0;1;1;1;1;1
80;2022-03-22;351;282;57.0;21;12;22;;13.0;;10;11;12;11;11;11;10;9;7;;7;7;6;6;;;3;4;4;;3;4;4;3;3;3;2;3;2;2;2;1;;1;2;2;2;2;2;2;2;2;2;2;2;2;1;1;1.0;1;1.0;1;1;1;1;;1;;1;1;1.0;1;1.0;1;1;1.0;1;1;1;1;1;1.0;1.0;1.0;1;1.0;1;1;1;1;1
81;2022-03-23;351;282;57.0;21;12;22;;13.0;;10;11;12;11;11;11;10;9;7;;7;7;6;6;;;3;4;4;;3;4;4;3;3;3;2;3;2;2;2;1;;1;2;2;2;2;2;2;2;2;2;2;2;2;1;1;1.0;1;1.0;1;1;1;1;;1;;1;1;1.0;1;1.0;1;1;1.0;1;1;1;1;1;1.0;1.0;1.0;1;1.0;1;1;1;1;1
82;2022-03-24;351;282;57.0;21;12;22;;14.0;;10;11;12;11;11;11;10;9;7;;7;7;6;6;;;3;4;4;;3;4;4;3;3;3;2;3;2;2;2;1;;1;2;2;1;2;2;2;2;2;2;2;2;2;1;1;1.0;1;1.0;1;1;1;1;;1;;1;1;1.0;1;1.0;1;1;1.0;1;1;1;1;1;1.0;1.0;1.0;1;1.0;1;1;1;1;1
83;2022-03-25;351;282;57.0;21;12;22;;14.0;;10;11;12;11;11;11;10;9;7;;7;7;6;6;;;3;4;4;;3;4;4;3;3;3;2;3;2;2;2;1;;1;2;2;1;2;2;2;2;2;2;2;2;2;1;1;1.0;1;1.0;1;1;1;1;;1;;1;1;1.0;1;1.0;1;1;1.0;1;1;1;1;1;1.0;1.0;1.0;1;1.0;1;1;1;1;1
84;2022-03-26;351;282;57.0;21;12;22;;14.0;;10;11;12;11;11;11;10;9;7;;7;7;6;6;;;3;4;4;;3;4;4;3;3;3;2;3;2;2;2;1;;1;2;2;1;2;2;2;2;2;2;2;2;2;1;1;1.0;1;1.0;1;1;1;1;;1;;1;1;1.0;1;1.0;1;1;1.0;1;1;1;1;1;1.0;1.0;1.0;1;1.0;1;1;1;1;1
85;2022-03-27;351;282;57.0;21;12;22;;14.0;;10;11;12;11;11;11;10;9;7;;7;7;6;6;;;3;4;4;;3;4;4;3;3;3;2;3;2;2;2;1;;1;2;2;1;2;2;2;2;2;2;2;2;2;1;1;1.0;1;1.0;1;1;1;1;;1;;1;1;1.0;1;1.0;1;1;1.0;1;1;1;1;1;1.0;1.0;1.0;1;1.0;1;1;1;1;1
86;2022-03-28;351;282;57.0;21;12;22;;14.0;;10;11;12;11;11;11;10;9;7;;7;7;6;6;;;3;4;4;;3;4;4;3;3;3;2;3;2;2;2;1;;1;2;2;1;2;2;2;2;2;2;2;2;2;1;1;1.0;1;1.0;1;1;1;1;;1;;1;1;1.0;1;1.0;1;1;1.0;1;1;1;1;1;1.0;1.0;1.0;1;1.0;1;1;1;1;1
87;2022-03-29;351;282;57.0;21;12;22;;14.0;;10;11;12;11;11;11;10;9;7;;7;7;6;6;;;3;4;4;;3;4;4;3;3;3;2;3;2;2;2;1;;1;2;2;1;2;2;2;2;2;2;2;2;2;1;1;1.0;1;1.0;1;1;1;1;;1;;1;1;1.0;1;1.0;1;1;1.0;1;1;1;1;1;1.0;1.0;1.0;1;1.0;1;1;1;1;1
88;2022-03-30;351;282;57.0;21;12;22;;14.0;;10;11;12;11;11;11;10;9;7;;7;7;6;6;;;3;4;4;;3;4;4;3;3;3;2;3;2;2;2;1;;1;2;2;1;2;2;2;2;2;2;2;2;2;1;1;1.0;1;1.0;1;1;1;1;;1;;1;1;1.0;1;1.0;1;1;1.0;1;1;1;1;1;1.0;1.0;1.0;1;1.0;1;1;1;1;1
89;2022-03-31;351;282;57.0;21;12;22;;14.0;;10;11;12;11;11;11;10;9;7;;7;7;6;6;;;3;4;4;;3;4;4;3;3;3;2;3;2;2;2;1;;1;2;2;1;2;2;2;2;2;2;2;2;2;1;1;1.0;1;1.0;1;1;1;1;;1;;1;1;1.0;1;1.0;1;1;1.0;1;1;1;1;1;1.0;1.0;1.0;1;1.0;1;1;1;1;1
90;2022-04-01;351;282;57.0;21;12;22;;14.0;;10;11;12;11;11;11;10;9;7;;7;7;6;6;;;3;4;4;;3;4;4;3;3;3;2;3;2;2;2;1;;1;2;2;1;2;2;2;2;2;2;2;2;2;1;1;1.0;1;1.0;1;1;1;1;;1;;1;1;1.0;1;1.0;1;1;1.0;1;1;1;1;1;1.0;1.0;1.0;1;1.0;1;1;1;1;1
91;2022-04-02;351;282;57.0;21;12;22;;14.0;;10;11;12;11;11;11;10;9;7;;7;7;6;6;;;3;4;4;;3;4;4;3;3;3;2;3;2;2;2;1;;1;2;2;1;2;2;2;2;2;2;2;2;2;1;1;1.0;1;1.0;1;1;1;1;;1;;1;1;1.0;1;1.0;1;1;1.0;1;1;1;1;1;1.0;1.0;1.0;1;1.0;1;1;1;1;1
92;2022-04-03;351;282;57.0;21;12;22;;14.0;;10;11;12;11;11;11;10;9;7;;7;7;6;6;;;3;4;4;;3;4;4;3;3;3;2;3;2;2;2;1;;1;2;2;1;2;2;2;2;2;2;2;2;2;1;1;1.0;1;1.0;1;1;1;1;;1;;1;1;1.0;1;1.0;1;1;1.0;1;1;1;1;1;1.0;1.0;1.0;1;1.0;1;1;1;1;1
93;2022-04-04;351;282;57.0;21;12;22;;14.0;;10;11;12;11;11;11;10;9;7;;7;7;6;6;;;3;4;4;;3;4;4;3;3;3;2;3;2;2;2;1;;1;2;2;1;2;2;2;2;2;2;2;2;2;1;1;1.0;1;1.0;1;1;1;1;;1;;1;1;1.0;1;1.0;1;1;1.0;1;1;1;1;1;1.0;1.0;1.0;1;1.0;1;1;1;1;1
94;2022-04-05;351;282;57.0;21;12;22;;14.0;;10;11;12;11;11;11;10;9;7;;7;7;6;6;;;3;4;4;;3;4;4;3;3;3;2;3;2;2;2;1;;1;2;2;1;2;2;2;2;2;2;2;2;2;1;1;1.0;1;1.0;1;1;1;1;;1;;1;1;1.0;1;1.0;1;1;1.0;1;1;1;1;1;1.0;1.0;1.0;1;1.0;1;1;1;1;1
95;2022-04-06;351;282;57.0;21;12;22;;14.0;;10;11;12;11;11;11;10;9;7;;7;7;6;6;;;3;4;4;;3;4;4;3;3;3;2;3;2;2;2;1;;1;2;2;1;2;2;2;2;2;2;2;2;2;1;1;1.0;1;1.0;1;1;1;1;;1;;1;1;1.0;1;1.0;1;1;1.0;1;1;1;1;1;1.0;1.0;1.0;1;1.0;1;1;1;1;1
96;2022-04-07;351;282;57.0;21;12;22;;14.0;;10;11;12;11;11;11;10;9;7;;7;7;6;6;;;3;4;4;;3;4;4;3;3;3;2;3;2;2;2;1;;1;2;2;1;2;2;2;2;2;2;2;2;2;1;1;1.0;1;1.0;1;1;1;1;;1;;1;1;1.0;1;1.0;1;1;1.0;1;1;1;1;1;1.0;1.0;1.0;1;1.0;1;1;1;1;1
97;2022-04-08;351;282;57.0;21;12;22;;14.0;;10;11;12;11;11;11;10;9;7;;7;7;6;6;;;3;4;4;;3;4;4;3;3;3;2;3;2;2;2;1;;1;2;2;1;2;2;2;2;2;2;2;2;2;1;1;1.0;1;1.0;1;1;1;1;;1;;1;1;1.0;1;1.0;1;1;1.0;1;1;1;1;1;1.0;1.0;1.0;1;1.0;1;1;1;1;1
98;2022-04-09;351;282;57.0;21;12;22;;14.0;;10;11;12;11;11;11;10;9;7;;7;7;6;6;;;3;4;4;;3;4;4;3;3;3;2;3;2;2;2;1;;1;2;2;1;2;2;2;2;2;2;2;2;2;1;1;1.0;1;1.0;1;1;1;1;;1;;1;1;1.0;1;1.0;1;1;1.0;1;1;1;1;1;1.0;1.0;1.0;1;1.0;1;1;1;1;1
99;2022-04-10;351;282;57.0;21;12;22;;14.0;;10;11;12;11;11;11;10;9;7;;7;7;6;6;;;3;4;4;;3;4;4;3;3;3;2;3;2;2;2;1;;1;2;2;1;2;2;2;2;2;2;2;2;2;1;1;1.0;1;1.0;1;1;1;1;;1;;1;1;1.0;1;1.0;1;1;1.0;1;1;1;1;1;1.0;1.0;1.0;1;1.0;1;1;1;1;1
100;2022-04-11;351;282;57.0;21;12;22;;14.0;;10;11;12;11;11;11;10;9;7;;7;7;6;6;;;3;4;4;;3;4;4;3;3;3;2;3;2;2;2;1;;1;2;2;1;2;2;2;2;2;2;2;2;2;1;1;1.0;1;1.0;1;1;1;1;;1;;1;1;1.0;1;1.0;1;1;1.0;1;1;1;1;1;1.0;1.0;1.0;1;1.0;1;1;1;1;1
101;2022-04-12;351;282;57.0;21;12;22;;14.0;;10;11;12;11;11;11;10;9;7;;7;7;6;6;;;3;4;4;;3;4;4;3;3;3;2;3;2;2;2;1;;1;2;2;1;2;2;2;2;2;2;2;2;2;1;1;1.0;1;1.0;1;1;1;1;;1;;1;1;1.0;1;1.0;1;1;1.0;1;1;1;1;1;1.0;1.0;1.0;1;1.0;1;1;1;1;1
102;2022-04-13;351;282;57.0;21;12;22;;14.0;;10;11;12;11;11;11;10;9;7;;7;7;6;6;;;3;4;4;;3;4;4;3;3;3;2;3;2;2;2;1;;1;2;2;1;2;2;2;2;2;2;2;2;2;1;1;1.0;1;1.0;1;1;1;1;;1;;1;1;1.0;1;1.0;1;1;1.0;1;1;1;1;1;1.0;1.0;1.0;1;1.0;1;1;1;1;1
103;2022-04-14;351;282;57.0;21;12;22;;14.0;;10;11;12;11;11;11;10;9;7;;7;7;6;6;;;3;4;4;;3;4;4;3;3;3;2;3;2;2;2;1;;1;2;2;1;2;2;2;2;2;2;2;2;2;1;1;1.0;1;1.0;1;1;1;1;;1;;1;1;1.0;1;1.0;1;1;1.0;1;1;1;1;1;1.0;1.0;1.0;1;1.0;1;1;1;1;1
104;2022-04-15;345;274;56.0;21;12;22;22.0;14.0;;10;11;12;11;11;11;10;9;6;;7;7;6;6;;;3;4;4;;3;4;4;3;3;3;2;3;2;2;2;1;;1;2;2;1;2;2;2;2;2;2;2;2;2;1;1;1.0;1;1.0;1;1;1;1;;1;;1;1;1.0;1;1.0;1;1;1.0;1;1;1;1;1;1.0;;1.0;1;1.0;1;1;1;1;1
105;2022-04-16;345;274;56.0;21;12;22;22.0;14.0;;10;11;12;11;11;11;10;9;6;;7;7;6;6;;;3;4;4;;3;4;4;3;3;3;2;3;2;2;2;1;;1;2;2;1;2;2;2;2;2;2;2;2;2;1;1;1.0;1;1.0;1;1;1;1;;1;;1;1;1.0;1;1.0;1;1;1.0;1;1;1;1;1;1.0;;1.0;1;1.0;1;1;1;1;1
106;2022-04-17;345;274;56.0;21;12;22;22.0;14.0;;10;11;12;11;11;11;10;9;6;;7;7;6;6;;;3;4;4;;3;4;4;3;3;3;2;3;2;2;2;1;;1;2;2;1;2;2;2;2;2;2;2;2;2;1;1;1.0;1;1.0;1;1;1;1;;1;;1;1;1.0;1;1.0;1;1;1.0;1;1;1;1;1;1.0;;1.0;1;1.0;1;1;1;1;1
107;2022-04-18;345;274;56.0;21;12;22;22.0;14.0;;10;11;12;11;11;11;10;9;6;;7;7;6;6;;;3;4;4;;3;4;4;3;3;3;2;3;2;2;2;1;;1;2;2;1;2;2;2;2;2;2;2;2;2;1;1;1.0;1;1.0;1;1;1;1;;1;;1;1;1.0;1;1.0;1;1;1.0;1;1;1;1;1;1.0;;1.0;1;1.0;1;1;1;1;1
108;2022-04-19;345;274;56.0;21;12;22;22.0;14.0;;10;11;12;11;11;11;10;9;6;;7;7;6;6;;;3;4;4;;3;4;4;3;3;3;2;3;2;2;2;1;;1;2;2;1;2;2;2;2;2;2;2;2;2;1;1;1.0;1;1.0;1;1;1;1;;1;;1;1;1.0;1;1.0;1;1;1.0;1;1;1;1;1;1.0;;1.0;1;1.0;1;1;1;1;1
109;2022-04-20;345;274;56.0;21;12;22;22.0;14.0;;10;11;12;11;11;11;10;9;6;;7;7;6;6;;;3;4;4;;3;4;4;3;3;3;2;3;2;2;2;1;;1;2;2;1;2;2;2;2;2;2;2;2;2;1;1;1.0;1;1.0;1;1;1;1;;1;;1;1;1.0;1;1.0;1;1;1.0;1;1;1;1;1;1.0;;1.0;1;1.0;1;1;1;1;1
110;2022-04-21;345;274;56.0;21;12;22;22.0;14.0;;10;11;12;11;11;11;10;9;6;;7;7;6;6;;;3;4;4;;3;4;4;3;3;3;2;3;2;2;2;1;;1;2;2;1;2;2;2;2;2;2;2;2;2;1;1;1.0;1;1.0;1;1;1;1;;1;;1;1;1.0;1;1.0;1;1;1.0;1;1;1;1;1;1.0;;1.0;1;1.0;1;1;1;1;1
111;2022-04-22;345;274;56.0;21;12;22;22.0;14.0;;10;11;12;11;11;11;10;9;6;;7;7;6;6;;;3;4;4;;3;4;4;3;3;3;2;3;2;2;2;1;;1;2;2;1;2;2;2;2;2;2;2;2;2;1;1;1.0;1;1.0;1;1;1;1;;1;;1;1;1.0;1;1.0;1;1;1.0;1;1;1;1;1;1.0;;1.0;1;1.0;1;1;1;1;1
112;2022-04-23;345;274;56.0;21;12;22;22.0;14.0;;10;11;12;11;11;11;10;9;6;;7;7;6;6;;;3;4;4;;3;4;4;3;3;3;2;3;2;2;2;1;;1;2;2;1;2;2;2;2;2;2;2;2;2;1;1;1.0;1;1.0;1;1;1;1;;1;;1;1;1.0;1;1.0;1;1;1.0;1;1;1;1;1;1.0;;1.0;1;1.0;1;1;1;1;1
113;2022-04-24;345;274;56.0;21;12;22;22.0;14.0;;10;11;12;11;11;11;10;9;6;;7;7;6;6;;;3;4;4;;3;4;4;3;3;3;2;3;2;2;2;1;;1;2;2;1;2;2;2;2;2;2;2;2;2;1;1;1.0;1;1.0;1;1;1;1;;1;;1;1;1.0;1;1.0;1;1;1.0;1;1;1;1;1;1.0;;1.0;1;1.0;1;1;1;1;1
114;2022-04-25;345;274;56.0;22;12;22;22.0;14.0;;10;11;12;11;11;11;10;9;6;;7;7;6;6;;;3;4;4;;3;4;4;3;3;3;2;3;2;2;2;1;;1;2;2;1;2;2;2;2;2;2;2;2;2;1;1;1.0;1;1.0;1;1;1;1;;1;;1;1;1.0;1;1.0;1;1;1.0;1;1;1;1;1;1.0;;;1;1.0;1;1;1;1;1
115;2022-04-26;345;274;56.0;22;12;22;22.0;14.0;;10;11;12;11;11;11;10;9;6;;7;7;6;6;;5.0;3;4;4;;3;4;4;3;3;3;2;3;2;2;2;1;;1;2;2;1;2;2;2;2;2;2;2;2;2;1;1;1.0;1;1.0;1;1;1;1;;1;;1;1;1.0;1;1.0;1;1;;1;1;1;1;1;1.0;;;1;1.0;1;1;1;1;1
116;2022-04-27;345;274;56.0;22;12;22;22.0;14.0;;10;11;12;11;11;11;10;9;6;;7;7;6;6;;5.0;3;4;4;;3;4;4;3;3;3;2;3;2;2;2;1;;1;2;2;1;2;2;2;2;2;2;2;2;2;1;1;1.0;1;1.0;1;1;1;1;;1;;1;1;1.0;1;1.0;1;1;;1;1;1;1;1;1.0;;;1;1.0;1;1;1;1;1
117;2022-04-28;345;274;56.0;22;12;22;22.0;14.0;;10;11;12;11;11;11;10;9;6;;7;7;6;6;;5.0;3;4;4;;3;4;4;3;3;3;2;3;2;2;2;1;;1;2;2;1;2;2;2;2;2;2;2;2;2;1;1;1.0;1;1.0;1;1;1;1;;1;;1;1;1.0;1;1.0;1;1;;1;1;1;1;1;1.0;;;1;1.0;1;1;1;1;1
118;2022-04-29;345;274;56.0;22;12;22;22.0;14.0;;10;11;12;11;11;11;10;9;6;;7;7;6;6;;5.0;3;4;4;;3;4;4;3;3;3;2;3;2;2;2;1;;1;2;2;1;2;2;2;2;2;2;2;2;2;1;1;1.0;1;1.0;1;1;1;1;;1;;1;1;1.0;1;1.0;1;1;;1;1;1;1;1;1.0;;;1;1.0;1;1;1;1;1
119;2022-04-30;342;274;55.0;27;12;22;22.0;14.0;;10;11;12;11;11;11;10;9;6;;7;7;6;6;;5.0;3;4;4;;3;4;4;3;3;3;2;3;2;2;2;1;;1;2;2;1;2;2;2;2;2;2;2;2;2;1;1;1.0;1;1.0;1;1;1;1;;1;;1;1;1.0;1;1.0;1;1;;1;1;1;1;1;1.0;;;1;;1;1;1;1;1
120;2022-05-01;342;273;55.0;27;12;22;21.0;14.0;;10;11;12;11;11;11;10;9;6;;7;7;6;6;;5.0;3;4;4;4.0;3;4;4;3;3;3;2;3;2;2;2;1;;1;2;2;1;2;2;2;2;2;2;2;2;2;1;1;1.0;1;1.0;1;1;1;1;;1;;1;1;1.0;1;1.0;1;1;;1;1;1;1;1;1.0;;;1;;1;1;1;1;1
121;2022-05-02;342;273;55.0;27;12;22;21.0;14.0;;10;11;12;11;11;11;10;9;6;;7;7;6;6;;5.0;3;4;4;4.0;3;4;4;3;3;3;2;3;2;2;2;1;;1;2;2;1;2;2;2;2;2;2;2;2;2;1;1;1.0;1;1.0;1;1;1;1;;1;;1;1;1.0;1;1.0;1;1;;1;1;1;1;1;1.0;;;1;;1;1;1;1;1
122;2022-05-03;342;273;55.0;27;12;22;21.0;14.0;;10;11;12;11;11;11;10;9;6;;7;7;6;6;;5.0;3;4;4;4.0;3;4;4;3;3;3;2;3;2;2;2;1;;1;2;2;1;2;2;2;2;2;2;2;2;2;1;1;1.0;1;1.0;1;1;1;1;;1;;1;1;1.0;1;1.0;1;1;;1;1;1;1;1;1.0;;;1;;1;1;1;1;1
123;2022-05-04;342;273;55.0;27;12;22;21.0;14.0;;10;11;12;11;11;11;10;9;6;;7;7;6;6;;5.0;3;4;4;4.0;3;4;4;3;3;3;2;3;2;2;2;1;;1;2;2;1;2;2;2;2;2;2;2;2;2;1;1;1.0;1;1.0;1;1;1;1;;1;;1;1;1.0;1;1.0;1;1;;1;1;1;1;1;1.0;;;1;;1;1;1;1;1
124;2022-05-05;342;273;55.0;27;12;22;21.0;14.0;;10;11;12;11;11;11;10;9;6;;7;7;6;6;;5.0;3;4;4;4.0;3;4;4;3;3;3;2;3;2;2;2;1;;1;2;2;1;2;2;2;2;2;2;2;2;2;1;1;1.0;1;1.0;1;1;1;1;;1;;1;1;1.0;1;1.0;1;1;;1;1;1;1;1;1.0;;;1;;1;1;1;1;1
125;2022-05-06;342;273;55.0;27;12;22;21.0;14.0;;10;11;12;11;11;11;10;9;6;;7;7;6;6;;5.0;3;4;4;4.0;3;4;4;3;3;3;2;3;2;2;2;1;;1;2;2;1;2;2;2;2;2;2;2;2;2;1;1;1.0;1;1.0;1;1;1;1;;1;;1;1;1.0;1;1.0;1;1;;1;1;1;1;1;1.0;;;1;;1;1;1;1;1
126;2022-05-07;342;273;55.0;27;12;22;21.0;14.0;;10;11;12;11;11;11;10;9;6;;7;7;6;6;;5.0;3;4;4;4.0;3;4;4;3;3;3;2;3;2;2;2;1;;1;2;2;1;2;2;2;2;2;2;2;2;2;1;1;1.0;1;1.0;1;1;1;1;;1;;1;1;1.0;1;1.0;1;1;;1;1;1;1;1;1.0;;;1;;1;1;1;1;1
127;2022-05-08;342;273;55.0;27;12;22;21.0;14.0;;10;11;12;11;11;11;10;9;6;;7;7;6;6;;5.0;3;4;4;4.0;3;4;4;3;3;3;2;3;2;2;2;1;;1;2;2;1;2;2;2;2;2;2;2;2;2;1;1;1.0;1;1.0;1;1;1;1;;1;;1;1;1.0;1;1.0;1;1;;1;1;1;1;1;1.0;;;1;;1;1;1;1;1
128;2022-05-09;342;273;55.0;27;12;22;21.0;14.0;;10;11;12;11;11;11;10;9;6;;7;7;6;6;;5.0;3;4;4;4.0;3;4;4;3;3;3;2;3;2;2;2;1;;1;2;2;1;2;2;2;2;2;2;2;2;2;1;1;1.0;1;1.0;1;1;1;1;;1;;1;1;1.0;1;1.0;1;1;;1;1;1;1;1;1.0;;;1;;1;1;1;1;1
129;2022-05-10;342;273;55.0;27;12;22;21.0;14.0;;10;11;12;11;11;11;10;9;6;;7;7;6;6;;5.0;3;4;4;4.0;3;4;4;3;3;3;2;3;2;2;2;1;;1;2;2;1;2;2;2;2;2;2;2;2;2;1;1;1.0;1;1.0;1;1;1;1;;1;;1;1;1.0;1;1.0;1;1;;1;1;1;1;1;1.0;;;1;;1;1;1;1;1
130;2022-05-11;342;273;55.0;27;12;22;21.0;14.0;;10;11;12;11;11;11;10;9;6;;7;7;6;6;;5.0;3;4;4;4.0;3;4;4;3;3;3;2;3;2;2;2;1;;1;2;2;1;2;2;2;2;2;2;2;2;2;1;1;1.0;1;1.0;1;1;1;1;;1;;1;1;1.0;1;1.0;1;1;;1;1;1;1;1;1.0;;;1;;1;1;1;1;1
131;2022-05-12;342;273;55.0;27;12;22;21.0;14.0;;10;11;12;11;11;11;10;9;6;;7;7;6;6;;5.0;3;4;4;4.0;3;4;4;3;3;3;2;3;2;2;2;1;;1;2;2;1;2;2;2;2;2;2;2;2;2;1;1;1.0;1;1.0;1;1;1;1;;1;;1;1;1.0;1;1.0;1;1;;1;1;1;1;1;1.0;;;1;;1;1;1;1;1
132;2022-05-13;342;273;55.0;27;12;22;21.0;14.0;;10;11;12;11;11;11;10;9;6;;7;7;6;6;;5.0;3;4;4;4.0;3;4;4;3;3;3;2;3;2;2;2;1;;1;2;2;1;2;2;2;2;2;2;2;2;2;1;1;1.0;1;1.0;1;1;1;1;;1;;1;1;1.0;1;1.0;1;1;;1;1;1;1;1;1.0;;;1;;1;1;1;1;1
133;2022-05-14;342;273;55.0;27;12;22;21.0;14.0;;10;11;12;11;11;11;10;9;6;;7;7;6;6;;5.0;3;4;4;4.0;3;4;4;3;3;3;2;3;2;2;2;1;;1;2;2;1;2;2;2;2;2;2;2;2;2;1;1;1.0;1;1.0;1;1;1;1;;1;;1;1;1.0;1;1.0;1;1;;1;1;1;1;1;1.0;;;1;;1;1;1;1;1
134;2022-05-15;342;273;55.0;27;12;22;21.0;14.0;;10;11;12;11;11;11;10;9;6;;7;7;6;6;;5.0;3;4;4;4.0;3;4;4;3;3;3;2;3;2;2;2;1;;1;2;2;1;2;2;2;2;2;2;2;2;2;1;1;1.0;1;1.0;1;1;1;1;;1;;1;1;1.0;1;1.0;1;1;;1;1;1;1;1;1.0;;;1;;1;1;1;1;1
135;2022-05-16;342;273;55.0;27;12;22;21.0;14.0;;10;11;12;11;11;11;10;9;6;;7;7;6;6;;5.0;3;4;4;4.0;3;4;4;3;3;3;2;3;2;2;2;1;;1;2;2;1;2;2;2;2;2;2;2;2;2;1;1;1.0;1;1.0;1;1;1;1;;1;;1;1;1.0;1;1.0;1;1;;1;1;1;1;1;1.0;;;1;;1;1;1;1;1
136;2022-05-17;342;273;55.0;27;12;22;21.0;14.0;;10;11;12;11;11;11;10;9;6;;7;7;6;6;;5.0;3;4;4;4.0;3;4;4;3;3;3;2;3;2;2;2;1;;1;2;2;1;2;2;2;2;2;2;2;2;2;1;1;1.0;1;1.0;1;1;1;1;;1;;1;1;1.0;1;1.0;1;1;;1;1;1;1;1;1.0;;;1;;1;1;1;1;1
137;2022-05-18;342;273;55.0;27;12;22;21.0;14.0;;10;11;12;11;11;11;10;9;6;;7;7;6;6;;5.0;3;4;4;4.0;3;4;4;3;3;3;2;3;2;2;2;1;;1;2;2;1;2;2;2;2;2;2;2;2;2;1;1;1.0;1;1.0;1;1;1;1;;1;;1;1;1.0;1;1.0;1;1;;1;1;1;1;1;1.0;;;1;;1;1;1;1;1
138;2022-05-19;342;273;55.0;27;12;22;21.0;14.0;;10;11;12;11;11;11;10;9;6;;7;7;6;6;;5.0;3;4;4;4.0;3;4;4;3;3;3;2;3;2;2;2;1;;1;2;2;1;2;2;2;2;2;2;2;2;2;1;1;1.0;1;1.0;1;1;1;1;;1;;1;1;1.0;1;1.0;1;1;;1;1;1;1;1;1.0;;;1;;1;1;1;1;1
139;2022-05-20;342;273;55.0;27;12;22;21.0;14.0;;10;11;12;11;11;11;10;9;6;;7;7;6;6;;5.0;3;4;4;4.0;3;4;4;3;3;3;2;3;2;2;2;1;;1;2;2;1;2;2;2;2;2;2;2;2;2;1;1;1.0;1;1.0;1;1;1;1;;1;;1;1;1.0;1;1.0;1;1;;1;1;1;1;1;1.0;;;1;;1;1;1;1;1
140;2022-05-21;342;273;55.0;27;12;22;21.0;14.0;;10;11;12;11;11;11;10;9;6;;7;7;6;6;;5.0;3;4;4;4.0;3;4;4;3;3;3;2;3;2;2;2;1;;1;2;2;1;2;2;2;2;2;2;2;2;2;1;1;1.0;1;1.0;1;1;1;1;;1;;1;1;1.0;1;1.0;1;1;;1;1;1;1;1;1.0;;;1;;1;1;1;1;1
141;2022-05-22;342;273;55.0;27;12;22;21.0;14.0;;10;11;12;11;11;11;10;9;6;;7;7;6;6;;5.0;3;4;4;4.0;3;4;4;3;3;3;2;3;2;2;2;1;;1;2;2;1;2;2;2;2;2;2;2;2;2;1;1;1.0;1;1.0;1;1;1;1;;1;;1;1;1.0;1;1.0;1;1;;1;1;1;1;1;1.0;;;1;;1;1;1;1;1
142;2022-05-23;342;273;55.0;27;12;22;21.0;14.0;;10;11;12;11;11;11;10;9;6;;7;7;6;6;;5.0;3;4;4;4.0;3;4;4;3;3;3;2;3;2;2;2;1;;1;2;2;1;2;2;2;2;2;2;2;2;2;1;1;1.0;1;1.0;1;1;1;1;;1;;1;1;1.0;1;1.0;1;1;;1;1;1;1;1;1.0;;;1;;1;1;1;1;1
143;2022-05-24;342;273;55.0;27;12;22;21.0;14.0;;10;11;12;11;11;11;10;9;6;;7;7;6;6;;5.0;3;4;4;4.0;3;4;4;3;3;3;2;3;2;2;2;1;;1;2;2;1;2;2;2;2;2;2;2;2;2;1;1;1.0;1;1.0;1;1;1;1;;1;;1;1;1.0;1;1.0;1;1;;1;1;1;1;1;1.0;;;1;;1;1;1;1;1
144;2022-05-25;342;273;55.0;27;12;22;21.0;14.0;;10;11;12;11;11;11;10;9;6;;7;7;6;6;;5.0;3;4;4;4.0;3;4;4;3;3;3;2;3;2;2;2;1;;1;2;2;1;2;2;2;2;2;2;2;2;2;1;1;1.0;1;1.0;1;1;1;1;;1;;1;1;1.0;1;1.0;1;1;;1;1;1;1;1;1.0;;;1;;1;1;1;1;1
145;2022-05-26;342;273;55.0;27;12;22;21.0;14.0;;10;11;12;11;11;11;10;9;6;;7;7;6;6;;5.0;3;4;4;4.0;3;4;4;3;3;3;2;3;2;2;2;1;;1;2;2;1;2;2;2;2;2;2;2;2;2;1;1;1.0;1;1.0;1;1;1;1;;1;;1;1;1.0;1;1.0;1;1;;1;1;1;1;1;1.0;;;1;;1;1;1;1;1
146;2022-05-27;342;273;55.0;27;12;22;21.0;14.0;;10;11;12;11;11;11;10;9;6;;7;7;6;6;;5.0;3;4;4;4.0;3;4;4;3;3;3;2;3;2;2;2;1;;1;2;2;1;2;2;2;2;2;2;2;2;2;1;1;1.0;1;1.0;1;1;1;1;;1;;1;1;1.0;1;1.0;1;1;;1;1;1;1;1;1.0;;;1;;1;1;1;1;1
147;2022-05-28;342;273;55.0;27;12;22;21.0;14.0;;10;11;12;11;11;11;10;9;6;;7;7;6;6;;5.0;3;4;4;4.0;3;4;4;3;3;3;2;3;2;2;2;1;;1;2;2;1;2;2;2;2;2;2;2;2;2;1;1;1.0;1;1.0;1;1;1;1;;1;;1;1;1.0;1;1.0;1;1;;1;1;1;1;1;1.0;;;1;;1;1;1;1;1
148;2022-05-29;342;273;55.0;27;12;22;21.0;14.0;;10;11;12;11;11;11;10;9;6;;7;7;6;6;;5.0;3;4;4;4.0;3;4;4;3;3;3;2;3;2;2;2;1;;1;2;2;1;2;2;2;2;2;2;2;2;2;1;1;1.0;1;1.0;1;1;1;1;;1;;1;1;1.0;1;1.0;1;1;;1;1;1;1;1;1.0;;;1;;1;1;1;1;1
149;2022-05-30;342;273;55.0;27;12;22;21.0;14.0;;10;11;12;11;11;11;10;9;6;;7;7;6;6;;5.0;3;4;4;4.0;3;4;4;3;3;3;2;3;2;2;2;1;;1;2;2;1;2;2;2;2;2;2;2;2;2;1;1;1.0;1;1.0;1;1;1;1;;1;;1;1;1.0;1;1.0;1;1;;1;1;1;1;1;1.0;;;1;;1;1;1;1;1
150;2022-05-31;342;273;55.0;27;12;22;21.0;14.0;;10;11;12;11;11;11;10;9;6;;7;7;6;6;;5.0;3;4;4;4.0;3;4;4;3;3;3;2;3;2;2;2;1;;1;2;2;1;2;2;2;2;2;2;2;2;2;1;1;1.0;1;1.0;1;1;1;1;;1;;1;1;1.0;1;1.0;1;1;;1;1;1;1;1;1.0;;;1;;1;1;1;1;1
151;2022-06-01;342;273;55.0;27;12;22;21.0;14.0;;10;11;12;11;11;11;10;9;6;;7;7;6;6;;5.0;3;4;4;4.0;3;4;4;3;3;3;2;3;2;2;2;1;;1;2;2;1;2;2;2;2;2;2;2;2;2;1;1;1.0;1;1.0;1;1;1;1;;1;;1;1;1.0;1;1.0;1;1;;1;1;1;1;1;1.0;;;1;;1;1;1;1;1
152;2022-06-02;342;273;55.0;27;12;22;21.0;14.0;;10;11;12;11;11;11;10;9;6;;7;7;6;6;;5.0;3;4;4;4.0;3;4;4;3;3;3;2;3;2;2;2;1;;1;2;2;1;2;2;2;2;2;2;2;2;2;1;1;1.0;1;1.0;1;1;1;1;;1;;1;1;1.0;1;1.0;1;1;;1;1;1;1;1;1.0;;;1;;1;1;1;1;1
153;2022-06-03;342;273;55.0;27;12;22;21.0;14.0;;10;11;12;11;11;11;10;9;6;;7;7;6;6;;5.0;3;4;4;4.0;3;4;4;3;3;3;2;3;2;2;2;1;;1;2;2;1;2;2;2;2;2;2;2;2;2;1;1;1.0;1;1.0;1;1;1;1;;1;;1;1;1.0;1;1.0;1;1;;1;1;1;1;1;1.0;;;1;;1;1;1;1;1
154;2022-06-04;342;273;55.0;27;12;22;21.0;14.0;;10;11;12;11;11;11;10;9;6;;7;7;6;6;;5.0;3;4;4;4.0;3;4;4;3;3;3;2;3;2;2;2;1;;1;2;2;1;2;2;2;2;2;2;2;2;2;1;1;1.0;1;1.0;1;1;1;1;;1;;1;1;1.0;1;1.0;1;1;;1;1;1;1;1;1.0;;;1;;1;1;1;1;1
155;2022-06-05;342;273;55.0;27;12;22;21.0;14.0;;10;11;12;11;11;11;10;9;6;;7;7;6;6;;5.0;3;4;4;4.0;3;4;4;3;3;3;2;3;2;2;2;1;;1;2;2;1;2;2;2;2;2;2;2;2;2;1;1;1.0;1;1.0;1;1;1;1;;1;;1;1;1.0;1;1.0;1;1;;1;1;1;1;1;1.0;;;1;;1;1;1;1;1
156;2022-06-06;342;273;55.0;27;12;22;21.0;14.0;;10;11;12;11;11;11;10;9;6;;7;7;6;6;;5.0;3;4;4;4.0;3;4;4;3;3;3;2;3;2;2;2;1;;1;2;2;1;2;2;2;2;2;2;2;2;2;1;1;1.0;1;1.0;1;1;1;1;;1;;1;1;1.0;1;1.0;1;1;;1;1;1;1;1;1.0;;;1;;1;1;1;1;1
157;2022-06-07;342;273;55.0;27;12;22;21.0;14.0;;10;11;12;11;11;11;10;9;6;;7;7;6;6;;5.0;3;4;4;4.0;3;4;4;3;3;3;2;3;2;2;2;1;;1;2;2;1;2;2;2;2;2;2;2;2;2;1;1;1.0;1;1.0;1;1;1;1;;1;;1;1;1.0;1;1.0;1;1;;1;1;1;1;1;1.0;;;1;;1;1;1;1;1
158;2022-06-08;342;273;55.0;27;12;22;21.0;14.0;;10;11;12;11;11;11;10;9;6;;7;7;6;6;;5.0;3;4;4;4.0;3;4;4;3;3;3;2;3;2;2;2;1;;1;2;2;1;2;2;2;2;2;2;2;2;2;1;1;1.0;1;1.0;1;1;1;1;;1;;1;1;1.0;1;1.0;1;1;;1;1;1;1;1;1.0;;;1;;1;1;1;1;1
159;2022-06-09;342;273;55.0;27;12;22;21.0;14.0;;10;11;12;11;11;11;10;9;6;;7;7;6;6;;5.0;3;4;4;4.0;3;4;4;3;3;3;2;3;2;2;2;1;;1;2;2;1;2;2;2;2;2;2;2;2;2;1;1;1.0;1;1.0;1;1;1;1;;1;;1;1;1.0;1;1.0;1;1;;1;1;1;1;1;1.0;;;1;;1;1;1;1;1
160;2022-06-10;342;273;55.0;27;12;22;21.0;14.0;;10;11;12;11;11;11;10;9;6;;7;7;6;6;;5.0;3;4;4;4.0;3;4;4;3;3;3;2;3;2;2;2;1;;1;2;2;1;2;2;2;2;2;2;2;2;2;1;1;1.0;1;1.0;1;1;1;1;;1;;1;1;1.0;1;1.0;1;1;;1;1;1;1;1;1.0;;;1;;1;1;1;1;1
161;2022-06-11;342;273;55.0;27;12;22;21.0;14.0;;10;11;12;11;11;11;10;9;6;;7;7;6;6;;5.0;3;4;4;4.0;3;4;4;3;3;3;2;3;2;2;2;1;;1;2;2;1;2;2;2;2;2;2;2;2;2;1;1;1.0;1;1.0;1;1;1;1;;1;;1;1;1.0;1;1.0;1;1;;1;1;1;1;1;1.0;;;1;;1;1;1;1;1
162;2022-06-12;342;273;55.0;27;12;22;21.0;14.0;;10;11;12;11;11;11;10;9;6;;7;7;6;6;;5.0;3;4;4;4.0;3;4;4;3;3;3;2;3;2;2;2;1;;1;2;2;1;2;2;2;2;2;2;2;2;2;1;1;1.0;1;1.0;1;1;1;1;;1;;1;1;1.0;1;1.0;1;1;;1;1;1;1;1;1.0;;;1;;1;1;1;1;1
163;2022-06-13;342;273;55.0;27;12;22;21.0;14.0;;10;11;12;11;11;11;10;9;6;;7;7;6;6;;5.0;3;4;4;4.0;3;4;4;3;3;3;2;3;2;2;2;1;;1;2;2;1;2;2;2;2;2;2;2;2;2;1;1;1.0;1;1.0;1;1;1;1;;1;;1;1;1.0;1;1.0;1;1;;1;1;1;1;1;1.0;;;1;;1;1;1;1;1
164;2022-06-14;342;273;55.0;27;12;22;21.0;14.0;;10;11;12;11;11;11;10;9;6;;7;7;6;6;;5.0;3;4;4;4.0;3;4;4;3;3;3;2;3;2;2;2;1;;1;2;2;1;2;2;2;2;2;2;2;2;2;1;1;1.0;1;1.0;1;1;1;1;;1;;1;1;1.0;1;1.0;1;1;;1;1;1;1;1;1.0;;;1;;1;1;1;1;1
165;2022-06-15;342;273;55.0;27;12;22;21.0;14.0;;10;11;12;11;11;11;10;9;6;;7;7;6;6;;5.0;3;4;4;4.0;3;4;4;3;3;3;2;3;2;2;2;1;;1;2;2;1;2;2;2;2;2;2;2;2;2;1;1;1.0;1;1.0;1;1;1;1;;1;;1;1;1.0;1;1.0;1;1;;1;1;1;1;1;1.0;;;1;;1;1;1;1;1
166;2022-06-16;342;273;55.0;27;12;22;21.0;14.0;;10;11;12;11;11;11;10;9;6;;7;7;6;6;;5.0;3;4;4;4.0;3;4;4;3;3;3;2;3;2;2;2;1;;1;2;2;1;2;2;2;2;2;2;2;2;2;1;1;1.0;1;1.0;1;1;1;1;;1;;1;1;1.0;1;1.0;1;1;;1;1;1;1;1;1.0;;;1;;1;1;1;1;1
167;2022-06-17;342;273;55.0;27;12;22;21.0;14.0;;10;11;12;11;11;11;10;9;6;;7;7;6;6;;5.0;3;4;4;4.0;3;4;4;3;3;3;2;3;2;2;2;1;;1;2;2;1;2;2;2;2;2;2;2;2;2;1;1;1.0;1;1.0;1;1;1;1;;1;;1;1;1.0;1;1.0;1;1;;1;1;1;1;1;1.0;;;1;;1;1;1;1;1
168;2022-06-18;342;273;55.0;27;12;22;21.0;14.0;;10;11;12;11;11;11;10;9;6;;7;7;6;6;;5.0;3;4;4;4.0;3;4;4;3;3;3;2;3;2;2;2;1;;1;2;2;1;2;2;2;2;2;2;2;2;2;1;1;1.0;1;1.0;1;1;1;1;;1;;1;1;1.0;1;1.0;1;1;;1;1;1;1;1;1.0;;;1;;1;1;1;1;1
169;2022-06-19;342;273;55.0;27;12;22;21.0;14.0;;10;11;12;11;11;11;10;9;6;;7;7;6;6;;5.0;3;4;4;4.0;3;4;4;3;3;3;2;3;2;2;2;1;;1;2;2;1;2;2;2;2;2;2;2;2;2;1;1;1.0;1;1.0;1;1;1;1;;1;;1;1;1.0;1;1.0;1;1;;1;1;1;1;1;1.0;;;1;;1;1;1;1;1
170;2022-06-20;341;273;54.0;27;12;22;21.0;14.0;10.0;6;11;12;11;11;11;10;9;6;;7;7;6;6;;5.0;3;4;4;4.0;3;4;4;3;3;3;2;3;2;2;2;1;;1;2;2;1;2;2;2;2;2;2;2;2;2;1;1;1.0;1;1.0;1;1;1;1;;1;;1;1;1.0;1;1.0;1;1;;1;1;1;1;1;;;;1;;1;1;1;1;1
171;2022-06-21;341;273;54.0;27;12;22;21.0;14.0;10.0;6;11;12;11;11;11;10;9;6;;7;7;6;6;;5.0;3;4;4;4.0;3;4;4;3;3;3;2;3;2;2;2;1;;1;2;2;1;2;2;2;2;2;2;2;2;2;1;1;1.0;1;1.0;1;1;1;1;;1;;1;1;1.0;1;1.0;1;1;;1;1;1;1;1;;;;1;;1;1;1;1;1
172;2022-06-22;341;273;54.0;27;12;22;21.0;14.0;10.0;6;11;12;11;11;11;10;9;6;;7;7;6;6;;5.0;3;4;4;4.0;3;4;4;3;3;3;2;3;2;2;2;1;;1;2;2;1;2;2;2;2;2;2;2;2;2;1;1;1.0;1;1.0;1;1;1;1;;1;;1;1;1.0;1;1.0;1;1;;1;1;1;1;1;;;;1;;1;1;1;1;1
173;2022-06-23;341;273;54.0;27;12;22;21.0;14.0;10.0;6;11;12;11;11;11;10;9;6;;7;7;6;6;;5.0;3;4;4;4.0;3;4;4;3;3;3;2;3;2;2;2;1;;1;2;2;1;2;2;2;2;2;2;2;2;2;1;1;1.0;1;1.0;1;1;1;1;;1;;1;1;1.0;1;1.0;1;1;;1;1;1;1;1;;;;1;;1;1;1;1;1
174;2022-06-24;341;273;54.0;27;12;22;21.0;14.0;10.0;6;11;12;11;11;11;10;9;6;;7;7;6;6;;5.0;3;4;4;4.0;3;4;4;3;3;3;2;3;2;2;2;1;;1;2;2;1;2;2;2;2;2;2;2;2;2;1;1;1.0;1;1.0;1;1;1;1;;1;;1;1;1.0;1;1.0;1;1;;1;1;1;1;1;;;;1;;1;1;1;1;1
175;2022-06-25;341;273;54.0;27;12;22;21.0;14.0;10.0;6;11;12;11;11;11;10;9;6;;7;7;6;6;;5.0;3;4;4;4.0;3;4;4;3;3;3;2;3;2;2;2;1;;1;2;2;1;2;2;2;2;2;2;2;2;2;1;1;1.0;1;1.0;1;1;1;1;;1;;1;1;1.0;1;1.0;1;1;;1;1;1;1;1;;;;1;;1;1;1;1;1
176;2022-06-26;340;273;54.0;27;12;22;21.0;14.0;10.0;6;11;12;11;11;11;10;9;6;;7;7;6;6;;5.0;3;4;4;4.0;3;4;4;3;3;3;2;3;2;2;2;1;;1;2;2;1;2;2;2;2;2;2;2;2;2;1;1;1.0;1;1.0;1;1;1;1;1.0;1;;1;1;1.0;1;1.0;1;1;;1;1;1;1;1;;;;1;;1;1;1;1;1
177;2022-06-27;340;273;54.0;27;12;22;21.0;14.0;10.0;6;11;12;11;11;11;10;9;6;;7;7;6;6;;5.0;3;4;4;4.0;3;4;4;3;3;3;2;3;2;2;2;1;;1;2;2;1;2;2;2;2;2;2;2;2;2;1;1;1.0;1;1.0;1;1;1;1;1.0;1;;1;1;1.0;1;1.0;1;1;;1;1;1;1;1;;;;1;;1;1;1;1;1
178;2022-06-28;340;273;54.0;27;12;22;21.0;14.0;10.0;6;11;12;11;11;11;10;9;6;;7;7;6;6;;5.0;3;4;4;4.0;3;4;4;3;3;3;2;3;2;2;2;1;;1;2;2;1;2;2;2;2;2;2;2;2;2;1;1;1.0;1;1.0;1;1;1;1;1.0;1;;1;1;1.0;1;1.0;1;1;;1;1;1;1;1;;;;1;;1;1;1;1;1
179;2022-06-29;340;273;54.0;27;12;22;21.0;14.0;10.0;6;11;12;11;11;11;10;9;6;;7;7;6;6;;5.0;3;4;4;4.0;3;4;4;3;3;3;2;3;2;2;2;1;;1;2;2;1;2;2;2;2;2;2;2;2;2;1;1;1.0;1;1.0;1;1;1;1;1.0;1;;1;1;1.0;1;1.0;1;1;;1;1;1;1;1;;;;1;;1;1;1;1;1
180;2022-06-30;339;272;54.0;27;12;22;21.0;14.0;13.0;6;11;12;11;11;11;10;9;6;;6;7;6;6;;5.0;3;4;4;4.0;3;4;4;3;3;3;2;3;2;2;2;1;;1;2;2;1;2;2;2;2;2;2;2;2;2;1;1;1.0;1;1.0;1;1;1;1;1.0;1;;1;1;1.0;1;1.0;1;1;;1;1;1;1;1;;;;1;;1;1;1;1;1
181;2022-07-01;339;272;54.0;27;12;22;21.0;14.0;13.0;6;11;12;11;11;11;10;9;6;;6;7;6;6;;5.0;3;4;4;4.0;3;4;4;3;3;3;2;3;2;2;2;1;;1;2;2;1;2;2;2;2;2;2;2;2;2;1;1;1.0;1;1.0;1;1;1;1;1.0;1;;1;1;1.0;1;1.0;1;1;;1;1;1;1;1;;;;1;;1;1;1;1;1
182;2022-07-02;339;272;54.0;27;12;22;21.0;14.0;13.0;6;11;12;11;11;11;10;9;6;;6;7;6;6;;5.0;3;4;4;4.0;3;4;4;3;3;3;2;3;2;2;2;1;;1;2;2;1;2;2;2;2;2;2;2;2;2;1;1;1.0;1;1.0;1;1;1;1;1.0;1;;1;1;1.0;1;1.0;1;1;;1;1;1;1;1;;;;1;;1;1;1;1;1
183;2022-07-03;339;272;54.0;27;12;22;21.0;14.0;13.0;6;11;12;11;11;11;10;9;6;;6;7;6;6;;5.0;3;4;4;4.0;3;4;4;3;3;3;2;3;2;2;2;1;;1;2;2;1;2;2;2;2;2;2;2;2;2;1;1;1.0;1;1.0;1;1;1;1;1.0;1;;1;1;1.0;1;1.0;1;1;;1;1;1;1;1;;;;1;;1;1;1;1;1
184;2022-07-04;339;272;54.0;27;12;22;21.0;14.0;13.0;6;11;12;11;11;11;10;9;6;;6;7;6;6;;5.0;3;4;4;4.0;3;4;4;3;3;3;2;3;2;2;2;1;;1;2;2;1;2;2;2;2;2;2;2;2;2;1;1;1.0;1;1.0;1;1;1;1;1.0;1;;1;1;1.0;1;1.0;1;1;;1;1;1;1;1;;;;1;;1;1;1;1;1
185;2022-07-05;339;272;54.0;27;12;22;21.0;14.0;13.0;6;11;12;11;11;11;10;9;6;;6;7;6;6;;5.0;3;4;4;4.0;3;4;4;3;3;3;2;3;2;2;2;1;;1;2;2;1;2;2;2;2;2;2;2;2;2;1;1;1.0;1;1.0;1;1;1;1;1.0;1;;1;1;1.0;1;1.0;1;1;;1;1;1;1;1;;;;1;;1;1;1;1;1
186;2022-07-06;339;272;54.0;27;12;22;21.0;14.0;13.0;6;11;12;11;11;11;10;9;6;;6;7;6;6;;5.0;3;4;4;4.0;3;4;4;3;3;3;2;3;2;2;2;1;;1;2;2;1;2;2;2;2;2;2;2;2;2;1;1;1.0;1;1.0;1;1;1;1;1.0;1;;1;1;1.0;1;1.0;1;1;;1;1;1;1;1;;;;1;;1;1;1;1;1
187;2022-07-07;339;272;54.0;27;12;22;21.0;14.0;13.0;6;11;12;11;11;11;10;9;6;;6;7;6;6;;5.0;3;4;4;4.0;3;4;4;3;3;3;2;3;2;2;2;1;;1;2;2;1;2;2;2;2;2;2;2;2;2;1;1;1.0;1;1.0;1;1;1;1;1.0;1;;1;1;1.0;1;1.0;1;1;;1;1;1;1;1;;;;1;;1;1;1;1;1
188;2022-07-08;339;272;54.0;27;12;22;21.0;14.0;13.0;6;11;12;11;11;11;10;9;6;;6;7;6;6;;5.0;3;4;4;4.0;3;4;4;3;3;3;2;3;2;2;2;1;;1;2;2;1;2;2;2;2;2;2;2;2;2;1;1;1.0;1;1.0;1;1;1;1;1.0;1;;1;1;1.0;1;1.0;1;1;;1;1;1;1;1;;;;1;;1;1;1;1;1
189;2022-07-09;337;272;54.0;27;12;20;21.0;13.0;13.0;6;11;12;11;11;11;10;9;6;;6;7;6;6;5.0;5.0;3;4;4;4.0;3;4;4;3;3;3;2;2;2;2;2;1;;1;2;1;1;2;2;2;2;2;2;2;2;2;1;1;1.0;1;1.0;1;1;1;1;1.0;1;;1;1;1.0;1;1.0;1;1;;1;1;1;1;1;;;;1;;1;1;1;1;1
190;2022-07-10;331;272;51.0;27;25;20;18.0;13.0;13.0;6;11;12;11;11;11;10;9;6;;6;7;6;6;5.0;5.0;3;4;4;4.0;3;4;4;3;3;3;2;2;2;2;2;1;;1;2;1;1;2;2;2;2;2;2;2;2;2;1;1;1.0;1;1.0;1;1;1;1;1.0;1;;1;1;1.0;1;1.0;1;1;;1;1;1;1;1;;;;1;;1;1;1;1;1
191;2022-07-11;331;272;51.0;27;25;20;18.0;13.0;13.0;6;11;12;11;11;11;10;9;6;;6;7;6;6;5.0;5.0;3;4;4;4.0;3;4;4;3;3;3;2;2;2;2;2;1;;1;2;1;1;2;2;2;2;2;2;2;2;2;1;1;1.0;1;1.0;1;1;1;1;1.0;1;;1;1;1.0;1;1.0;1;1;;1;1;1;1;1;;;;1;;1;1;1;1;1
192;2022-07-12;331;272;51.0;27;25;20;18.0;13.0;13.0;6;11;12;11;11;11;10;9;6;;6;7;6;6;5.0;5.0;3;4;4;4.0;3;4;4;3;3;3;2;2;2;2;2;1;;1;2;1;1;2;2;2;2;2;2;2;2;2;1;1;1.0;1;1.0;1;1;1;1;1.0;1;;1;1;1.0;1;1.0;1;1;;1;1;1;1;1;;;;1;;1;1;1;1;1
193;2022-07-13;331;272;51.0;27;25;20;18.0;13.0;13.0;6;11;12;11;11;11;10;9;6;;6;7;6;6;5.0;5.0;3;4;4;4.0;3;4;4;3;3;3;2;2;2;2;2;1;;1;2;1;1;2;2;2;2;2;2;2;2;2;1;1;1.0;1;1.0;1;1;1;1;1.0;1;;1;1;1.0;1;1.0;1;1;;1;1;1;1;1;;;;1;;1;1;1;1;1
194;2022-07-14;331;272;51.0;27;25;20;18.0;13.0;13.0;6;11;12;11;11;11;10;9;6;;6;7;6;6;5.0;5.0;3;4;4;4.0;3;4;4;3;3;3;2;2;2;2;2;1;;1;2;1;1;2;2;2;2;2;2;2;2;2;1;1;1.0;1;1.0;1;1;1;1;1.0;1;;1;1;1.0;1;1.0;1;1;;1;1;1;1;1;;;;1;;1;1;1;1;1
195;2022-07-15;335;272;51.0;27;25;20;18.0;13.0;13.0;6;11;12;7;11;11;10;9;6;;6;7;6;6;5.0;5.0;3;4;4;4.0;3;4;4;3;3;3;2;2;2;2;2;1;;1;2;1;1;2;2;2;2;2;2;2;2;2;1;1;1.0;1;1.0;1;1;1;1;1.0;1;;1;1;1.0;1;1.0;1;1;;1;1;1;1;1;;;;1;;1;1;1;1;1
196;2022-07-16;335;272;51.0;27;25;20;18.0;13.0;13.0;6;11;12;7;11;11;10;9;6;;6;7;6;6;5.0;5.0;3;4;4;4.0;3;4;4;3;3;3;2;2;2;2;2;1;;1;2;1;1;2;2;2;2;2;2;2;2;2;1;1;1.0;1;1.0;1;1;1;1;1.0;1;;1;1;1.0;1;1.0;1;1;;1;1;1;1;1;;;;1;;1;1;1;1;1
197;2022-07-17;335;272;51.0;27;25;20;18.0;13.0;13.0;6;11;12;7;11;11;10;9;6;;6;7;6;6;5.0;5.0;3;4;4;4.0;3;4;4;3;3;3;2;2;2;2;2;1;;1;2;1;1;2;2;2;2;2;2;2;2;2;1;1;1.0;1;1.0;1;1;1;1;1.0;1;;1;1;1.0;1;1.0;1;1;;1;1;1;1;1;;;;1;;1;1;1;1;1
198;2022-07-18;335;272;51.0;27;25;20;18.0;13.0;13.0;6;11;12;7;11;11;10;9;6;;6;7;6;6;5.0;5.0;3;4;4;4.0;3;4;4;3;3;3;2;2;2;2;2;1;;1;2;1;1;2;2;2;2;2;2;2;2;2;1;1;1.0;1;1.0;1;1;1;1;1.0;1;;1;1;1.0;1;1.0;1;1;;1;1;1;1;1;;;;1;;1;1;1;1;1
199;2022-07-19;335;272;51.0;27;25;20;18.0;13.0;13.0;6;11;12;7;11;11;10;9;6;;6;7;6;6;5.0;5.0;3;4;4;4.0;3;4;4;3;3;3;2;2;2;2;2;1;;1;2;1;1;2;2;2;2;2;2;2;2;2;1;1;1.0;1;1.0;1;1;1;1;1.0;1;;1;1;1.0;1;1.0;1;1;;1;1;1;1;1;;;;1;;1;1;1;1;1
200;2022-07-20;335;271;51.0;27;25;20;18.0;13.0;13.0;6;11;12;7;11;11;10;9;6;;6;7;6;6;5.0;5.0;3;4;4;4.0;3;4;4;3;3;3;2;2;2;2;2;1;;1;2;1;1;2;2;2;2;2;2;2;2;2;1;1;1.0;1;1.0;1;1;1;1;1.0;1;1.0;1;1;1.0;1;1.0;1;1;;1;1;1;1;1;;;;1;;1;1;1;1;1
201;2022-07-21;335;271;51.0;27;25;20;18.0;13.0;13.0;6;11;12;7;11;11;10;9;6;;6;7;6;6;5.0;5.0;3;4;4;4.0;3;4;4;3;3;3;2;2;2;2;2;1;;1;2;1;1;2;2;2;2;2;2;2;2;2;1;1;1.0;1;1.0;1;1;1;1;1.0;1;1.0;1;1;1.0;1;1.0;1;1;;1;1;1;1;1;;;;1;;1;1;1;1;1
202;2022-07-22;335;271;51.0;27;25;20;18.0;13.0;13.0;6;11;12;7;11;11;10;9;6;;6;7;6;6;5.0;5.0;3;4;4;4.0;3;4;4;3;3;3;2;2;2;2;2;1;;1;2;1;1;2;2;2;2;2;2;2;2;2;1;1;1.0;1;1.0;1;1;1;1;1.0;1;1.0;1;1;1.0;1;1.0;1;1;;1;1;1;1;1;;;;1;;1;1;1;1;1
203;2022-07-23;335;271;51.0;27;25;20;18.0;13.0;13.0;6;11;12;7;11;11;10;9;6;;6;7;6;6;5.0;5.0;3;4;4;4.0;3;4;4;3;3;3;2;2;2;2;2;1;;1;2;1;1;2;2;2;2;2;2;2;2;2;1;1;1.0;1;1.0;1;1;1;1;1.0;1;1.0;1;1;1.0;1;1.0;1;1;;1;1;1;1;1;;;;1;;1;1;1;1;1
204;2022-07-24;335;271;51.0;27;25;20;18.0;13.0;13.0;6;11;12;7;11;11;10;9;6;;6;7;6;6;5.0;5.0;3;4;4;4.0;3;4;4;3;3;3;2;2;2;2;2;1;;1;2;1;1;2;2;2;2;2;2;2;2;2;1;1;1.0;1;1.0;1;1;1;1;1.0;1;1.0;1;1;1.0;1;1.0;1;1;;1;1;1;1;1;;;;1;;1;1;1;1;1
205;2022-07-25;335;271;51.0;27;25;20;18.0;13.0;13.0;6;11;12;7;11;11;10;9;6;;6;7;6;6;5.0;5.0;3;4;4;4.0;3;4;4;3;3;3;2;2;2;2;2;1;;1;2;1;1;2;2;2;2;2;2;2;2;2;1;1;1.0;1;1.0;1;1;1;1;1.0;1;1.0;1;1;1.0;1;1.0;1;1;;1;1;1;1;1;;;;1;;1;1;1;1;1
206;2022-07-26;335;271;51.0;27;25;20;18.0;13.0;13.0;6;11;12;7;11;11;10;9;6;;6;7;6;6;5.0;5.0;3;4;4;4.0;3;4;4;3;3;3;2;2;2;2;2;1;;1;2;1;1;2;2;2;2;2;2;2;2;2;1;1;1.0;1;1.0;1;1;1;1;1.0;1;1.0;1;1;1.0;1;1.0;1;1;;1;1;1;1;1;;;;1;;1;1;1;1;1
207;2022-07-27;335;271;51.0;27;25;20;18.0;13.0;13.0;6;11;12;7;11;11;10;9;6;;6;7;6;6;5.0;5.0;3;4;4;4.0;3;4;4;3;3;3;2;2;2;2;2;1;;1;2;1;1;2;2;2;2;2;2;2;2;2;1;1;1.0;1;1.0;1;1;1;1;1.0;1;1.0;1;1;1.0;1;1.0;1;1;;1;1;1;1;1;;;;1;;1;1;1;1;1
208;2022-07-28;335;271;51.0;27;25;20;18.0;13.0;13.0;6;11;12;7;11;11;10;9;6;;6;7;6;6;5.0;5.0;3;4;4;4.0;3;4;4;3;3;3;2;2;2;2;2;1;;1;2;1;1;2;2;2;2;2;2;2;2;2;1;1;1.0;1;1.0;1;1;1;1;1.0;1;1.0;1;1;1.0;1;1.0;1;1;;1;1;1;1;1;;;;1;;1;1;1;1;1
209;2022-07-29;335;271;51.0;27;25;20;18.0;13.0;13.0;6;11;12;7;11;11;10;9;6;;6;7;6;6;5.0;5.0;3;4;4;4.0;3;4;4;3;3;3;2;2;2;2;2;1;;1;2;1;1;2;2;2;2;2;2;2;2;2;1;1;1.0;1;1.0;1;1;1;1;1.0;1;1.0;1;1;1.0;1;1.0;1;1;;1;1;1;1;1;;;;1;;1;1;1;1;1
210;2022-07-30;335;271;51.0;27;25;20;18.0;13.0;13.0;6;11;12;7;11;11;10;9;6;;6;7;6;6;5.0;5.0;3;4;4;4.0;3;4;4;3;3;3;2;2;2;2;2;1;;1;2;1;1;2;2;2;2;2;2;2;2;2;1;1;1.0;1;1.0;1;1;1;1;1.0;1;1.0;1;1;1.0;1;1.0;1;1;;1;1;1;1;1;;;;1;;1;1;1;1;1
211;2022-07-31;335;271;51.0;27;25;20;18.0;13.0;13.0;6;11;12;7;11;11;10;9;6;;6;7;6;6;5.0;5.0;3;4;4;4.0;3;4;4;3;3;3;2;2;2;2;2;1;;1;2;1;1;2;2;2;2;2;2;2;2;2;1;1;1.0;1;1.0;1;1;1;1;1.0;1;1.0;1;1;1.0;1;1.0;1;1;;1;1;1;1;1;;;;1;;1;1;1;1;1
212;2022-08-01;335;271;51.0;27;25;20;18.0;13.0;13.0;6;11;12;7;11;11;10;9;6;;6;7;6;6;5.0;5.0;3;4;4;4.0;3;4;4;3;3;3;2;2;2;2;2;1;;1;2;1;1;2;2;2;2;2;2;2;2;2;1;1;1.0;1;1.0;1;1;1;1;1.0;1;1.0;1;1;1.0;1;1.0;1;1;;1;1;1;1;1;;;;1;;1;1;1;1;1
213;2022-08-02;335;271;51.0;27;25;20;18.0;13.0;13.0;6;11;12;7;11;11;10;9;6;;6;7;6;6;5.0;5.0;3;4;4;4.0;3;4;4;3;3;3;2;2;2;2;2;1;;1;2;1;1;2;2;2;2;2;2;2;2;2;1;1;1.0;1;1.0;1;1;1;1;1.0;1;1.0;1;1;1.0;1;1.0;1;1;;1;1;1;1;1;;;;1;;1;1;1;1;1
214;2022-08-03;335;271;51.0;27;25;20;18.0;13.0;13.0;6;11;12;7;11;11;10;9;6;;6;7;6;6;5.0;5.0;3;4;4;4.0;3;4;4;3;3;3;2;2;2;2;2;1;;1;2;1;1;2;2;2;2;2;2;2;2;2;1;1;1.0;1;1.0;1;1;1;1;1.0;1;1.0;1;1;1.0;1;1.0;1;1;;1;1;1;1;1;;;;1;;1;1;1;1;1
215;2022-08-04;335;271;51.0;27;25;20;18.0;13.0;13.0;6;11;12;7;11;11;10;9;6;;6;7;6;6;5.0;5.0;3;4;4;4.0;3;4;4;3;3;3;2;2;2;2;2;1;;1;2;1;1;2;2;2;2;2;2;2;2;2;1;1;1.0;1;1.0;1;1;1;1;1.0;1;1.0;1;1;1.0;1;1.0;1;1;;1;1;1;1;1;;;;1;;1;1;1;1;1
216;2022-08-05;335;271;51.0;27;25;20;18.0;13.0;13.0;6;11;12;7;11;11;10;9;6;;6;7;6;6;5.0;5.0;3;4;4;4.0;3;4;4;3;3;3;2;2;2;2;2;1;;1;2;1;1;2;2;2;2;2;2;2;2;2;1;1;1.0;1;1.0;1;1;1;1;1.0;1;1.0;1;1;1.0;1;1.0;1;1;;1;1;1;1;1;;;;1;;1;1;1;1;1
217;2022-08-06;335;271;51.0;27;25;20;18.0;13.0;13.0;6;11;12;7;11;11;10;9;6;;6;7;6;6;5.0;5.0;3;4;4;4.0;3;4;4;3;3;3;2;2;2;2;2;1;;1;2;1;1;2;2;2;2;2;2;2;2;2;1;1;1.0;1;1.0;1;1;1;1;1.0;1;1.0;1;1;1.0;1;1.0;1;1;;1;1;1;1;1;;;;1;;1;1;1;1;1
218;2022-08-07;336;271;51.0;27;25;20;18.0;13.0;13.0;6;11;12;7;11;11;10;9;6;;6;6;6;6;5.0;5.0;3;4;4;4.0;3;4;4;3;3;3;2;2;2;2;2;1;;1;2;1;1;2;2;2;2;2;2;2;2;2;1;1;1.0;1;1.0;1;1;1;1;1.0;1;1.0;1;1;1.0;1;1.0;1;1;;1;1;1;1;1;;;;1;;1;1;1;1;1
219;2022-08-08;336;271;51.0;27;25;20;18.0;13.0;13.0;6;11;12;7;11;11;10;9;6;;6;6;6;6;5.0;5.0;3;4;4;4.0;3;4;4;3;3;3;2;2;2;2;2;1;;1;2;1;1;2;2;2;2;2;2;2;2;2;1;1;1.0;1;1.0;1;1;1;1;1.0;1;1.0;1;1;1.0;1;1.0;1;1;;1;1;1;1;1;;;;1;;1;1;1;1;1
220;2022-08-09;336;271;51.0;27;25;20;18.0;13.0;13.0;6;11;12;7;11;11;10;9;6;;6;6;6;6;5.0;5.0;3;4;4;4.0;3;4;4;3;3;3;2;2;2;2;2;1;;1;2;1;1;2;2;2;2;2;2;2;2;2;1;1;1.0;1;1.0;1;1;1;1;1.0;1;1.0;1;1;1.0;1;1.0;1;1;;1;1;1;1;1;;;;1;;1;1;1;1;1
221;2022-08-10;336;271;51.0;27;25;20;18.0;13.0;13.0;6;11;12;7;11;11;10;9;6;;6;6;6;6;5.0;5.0;3;4;4;4.0;3;4;4;3;3;3;2;2;2;2;2;1;;1;2;1;1;2;2;2;2;2;2;2;2;2;1;1;1.0;1;1.0;1;1;1;1;1.0;1;1.0;1;1;1.0;1;1.0;1;1;;1;1;1;1;1;;;;1;;1;1;1;1;1
222;2022-08-11;336;271;51.0;27;25;20;18.0;13.0;13.0;6;11;12;7;11;11;10;9;6;;6;6;6;6;5.0;5.0;3;4;4;4.0;3;4;4;3;3;3;2;2;2;2;2;1;;1;2;1;1;2;2;2;2;2;2;2;2;2;1;1;1.0;1;1.0;1;1;1;1;1.0;1;1.0;1;1;1.0;1;1.0;1;1;;1;1;1;1;1;;;;1;;1;1;1;1;1
223;2022-08-12;336;271;51.0;27;25;20;18.0;13.0;13.0;6;11;12;7;11;11;10;9;6;;6;6;6;6;5.0;5.0;3;4;4;4.0;3;4;4;3;3;3;2;2;2;2;2;1;;1;2;1;1;2;2;2;2;2;2;2;2;2;1;1;1.0;1;1.0;1;1;1;1;1.0;1;1.0;1;1;1.0;1;1.0;1;1;;1;1;1;1;1;;;;1;;1;1;1;1;1
224;2022-08-13;336;271;51.0;27;25;20;18.0;13.0;13.0;6;11;12;7;11;11;10;9;6;;6;6;6;6;5.0;5.0;3;4;4;4.0;3;4;4;3;3;3;2;2;2;2;2;1;;1;2;1;1;2;2;2;2;2;2;2;2;2;1;1;1.0;1;1.0;1;1;1;1;1.0;1;1.0;1;1;1.0;1;1.0;1;1;;1;1;1;1;1;;;;1;;1;1;1;1;1
225;2022-08-14;339;271;51.0;27;25;20;18.0;13.0;13.0;6;11;12;7;11;11;9;9;6;;6;6;6;6;5.0;5.0;3;4;4;4.0;3;4;4;3;3;3;2;2;2;2;2;1;;1;2;1;1;2;2;2;2;2;2;2;2;2;1;1;;1;1.0;1;1;1;1;1.0;1;1.0;1;1;1.0;1;1.0;1;1;;1;1;1;1;1;;;;1;;1;1;1;1;1
226;2022-08-15;339;271;51.0;27;25;20;18.0;13.0;13.0;6;11;12;7;11;11;9;9;6;;6;6;6;6;5.0;5.0;3;4;4;4.0;3;4;4;3;3;3;2;2;2;2;2;1;;1;2;1;1;2;2;2;2;2;2;2;2;2;1;1;;1;1.0;1;1;1;1;1.0;1;1.0;1;1;1.0;1;1.0;1;1;;1;1;1;1;1;;;;1;;1;1;1;1;1
227;2022-08-16;339;271;51.0;27;25;20;18.0;13.0;13.0;6;11;12;7;11;11;9;9;6;;6;6;6;6;5.0;5.0;3;4;4;4.0;3;4;4;3;3;3;2;2;2;2;2;1;;1;2;1;1;2;2;2;2;2;2;2;2;2;1;1;;1;1.0;1;1;1;1;1.0;1;1.0;1;1;1.0;1;1.0;1;1;;1;1;1;1;1;;;;1;;1;1;1;1;1
228;2022-08-17;339;271;51.0;27;25;20;18.0;13.0;13.0;6;11;12;7;11;11;9;9;6;;6;6;6;6;5.0;5.0;3;4;4;4.0;3;4;4;3;3;3;2;2;2;2;2;1;;1;2;1;1;2;2;2;2;2;2;2;2;2;1;1;;1;1.0;1;1;1;1;1.0;1;1.0;1;1;1.0;1;1.0;1;1;;1;1;1;1;1;;;;1;;1;1;1;1;1
229;2022-08-18;339;271;51.0;27;25;20;18.0;13.0;13.0;6;11;12;7;11;11;9;9;6;;6;6;6;6;5.0;5.0;3;4;4;4.0;3;4;4;3;3;3;2;2;2;2;2;1;;1;2;1;1;2;2;2;2;2;2;2;2;2;1;1;;1;1.0;1;1;1;1;1.0;1;1.0;1;1;1.0;1;1.0;1;1;;1;1;1;1;1;;;;1;;1;1;1;1;1
230;2022-08-19;339;271;51.0;27;25;20;18.0;13.0;13.0;6;11;12;7;11;11;9;9;6;;6;6;6;6;5.0;5.0;3;4;4;4.0;3;4;4;3;3;3;2;2;2;2;2;1;;1;2;1;1;2;2;2;2;2;2;2;2;2;1;1;;1;1.0;1;1;1;1;1.0;1;1.0;1;1;1.0;1;1.0;1;1;;1;1;1;1;1;;;;1;;1;1;1;1;1
231;2022-08-20;339;271;51.0;27;25;20;18.0;13.0;13.0;6;11;12;7;11;11;9;9;6;;6;6;6;6;5.0;5.0;3;4;4;4.0;3;4;4;3;3;3;2;2;2;2;2;1;;1;2;1;1;2;2;2;2;2;2;2;2;2;1;1;;1;1.0;1;1;1;1;1.0;1;1.0;1;1;1.0;1;1.0;1;1;;1;1;1;1;1;;;;1;;1;1;1;1;1
232;2022-08-21;339;271;51.0;27;25;20;18.0;13.0;13.0;6;11;12;7;11;11;9;9;6;;6;6;6;6;5.0;5.0;3;4;4;4.0;3;4;4;3;3;3;2;2;2;2;2;1;;1;2;1;1;2;2;2;2;2;2;2;2;2;1;1;;1;1.0;1;1;1;1;1.0;1;1.0;1;1;1.0;1;1.0;1;1;;1;1;1;1;1;;;;1;;1;1;1;1;1
233;2022-08-22;339;271;51.0;27;25;20;18.0;13.0;13.0;6;11;12;7;11;11;9;9;6;;6;6;6;6;5.0;5.0;3;4;4;4.0;3;4;4;3;3;3;2;2;2;2;2;1;;1;2;1;1;2;2;2;2;2;2;2;2;2;1;1;;1;1.0;1;1;1;1;1.0;1;1.0;1;1;1.0;1;1.0;1;1;;1;1;1;1;1;;;;1;;1;1;1;1;1
234;2022-08-23;339;271;51.0;27;25;20;18.0;13.0;11.0;6;11;12;7;11;11;9;9;6;;6;6;6;6;5.0;5.0;3;4;4;4.0;3;4;4;3;3;3;2;2;2;2;2;1;2.0;1;2;1;1;2;2;2;2;2;2;2;2;2;1;1;;1;1.0;1;1;1;1;1.0;1;1.0;1;1;1.0;1;1.0;1;1;;1;1;1;1;1;;;;1;;1;1;1;1;1
235;2022-08-24;339;271;51.0;27;25;20;18.0;13.0;11.0;6;11;12;7;11;11;9;9;6;;6;6;6;6;5.0;5.0;3;4;4;4.0;3;4;4;3;3;3;2;2;2;2;2;1;2.0;1;2;1;1;2;2;2;2;2;2;2;2;2;1;1;;1;1.0;1;1;1;1;1.0;1;1.0;1;1;1.0;1;1.0;1;1;;1;1;1;1;1;;;;1;;1;1;1;1;1
236;2022-08-25;339;271;51.0;27;25;20;18.0;13.0;11.0;6;11;12;7;11;11;9;9;6;;6;6;6;6;5.0;5.0;3;4;4;4.0;3;4;4;3;3;3;2;2;2;2;2;1;2.0;1;2;1;1;2;2;2;2;2;2;2;2;2;1;1;;1;1.0;1;1;1;1;1.0;1;1.0;1;1;1.0;1;1.0;1;1;;1;1;1;1;1;;;;1;;1;1;1;1;1
237;2022-08-26;339;271;51.0;27;25;20;18.0;13.0;11.0;6;11;12;7;11;11;9;9;6;;6;6;6;6;5.0;5.0;3;4;4;4.0;3;4;4;3;3;3;2;2;2;2;2;1;2.0;1;2;1;1;2;2;2;2;2;2;2;2;2;1;1;;1;1.0;1;1;1;1;1.0;1;1.0;1;1;1.0;1;1.0;1;1;;1;1;1;1;1;;;;1;;1;1;1;1;1
238;2022-08-27;339;271;51.0;27;25;20;18.0;13.0;11.0;6;11;12;7;11;11;9;9;6;;6;6;6;6;5.0;5.0;3;4;4;4.0;3;4;4;3;3;3;2;2;2;2;2;1;2.0;1;2;1;1;2;2;2;2;2;2;2;2;2;1;1;;1;1.0;1;1;1;1;1.0;1;1.0;1;1;1.0;1;1.0;1;1;;1;1;1;1;1;;;;1;;1;1;1;1;1
239;2022-08-28;339;271;51.0;27;25;20;18.0;13.0;11.0;6;11;12;7;11;11;9;9;6;;6;6;6;6;5.0;5.0;3;4;4;4.0;3;4;4;3;3;3;2;2;2;2;2;1;2.0;1;2;1;1;2;2;2;2;2;2;2;2;2;1;1;;1;1.0;1;1;1;1;1.0;1;1.0;1;1;1.0;1;1.0;1;1;;1;1;1;1;1;;;;1;;1;1;1;1;1
240;2022-08-29;339;271;51.0;27;25;20;18.0;13.0;11.0;6;11;12;7;11;11;9;9;6;;6;6;6;6;5.0;5.0;3;4;4;4.0;3;4;4;3;3;3;2;2;2;2;2;1;2.0;1;2;1;1;2;2;2;2;2;2;2;2;2;1;1;;1;1.0;1;1;1;1;1.0;1;1.0;1;1;1.0;1;1.0;1;1;;1;1;1;1;1;;;;1;;1;1;1;1;1
241;2022-08-30;339;271;51.0;27;25;20;18.0;13.0;11.0;6;11;12;7;11;11;9;9;6;;6;6;6;6;5.0;5.0;3;4;4;4.0;3;4;4;3;3;3;2;2;2;2;2;1;2.0;1;2;1;1;2;2;2;2;2;2;2;2;2;1;1;;1;1.0;1;1;1;1;1.0;1;1.0;1;1;1.0;1;1.0;1;1;;1;1;1;1;1;;;;1;;1;1;1;1;1
242;2022-08-31;339;271;51.0;27;25;20;18.0;13.0;11.0;6;11;12;7;11;11;9;9;6;;6;6;6;6;5.0;5.0;3;4;4;4.0;3;4;4;3;3;3;2;2;2;2;2;1;2.0;1;2;1;1;2;2;2;2;2;2;2;2;2;1;1;;1;1.0;1;1;1;1;1.0;1;1.0;1;1;1.0;1;1.0;1;1;;1;1;1;1;1;;;;1;;1;1;1;1;1
243;2022-09-01;339;271;51.0;27;25;20;18.0;13.0;11.0;6;11;12;7;11;11;9;9;6;;6;6;6;6;5.0;5.0;3;4;4;4.0;3;4;4;3;3;3;2;2;2;2;2;1;2.0;1;2;1;1;2;2;2;2;2;2;2;2;2;1;1;;1;1.0;1;1;1;1;1.0;1;1.0;1;1;1.0;1;1.0;1;1;;1;1;1;1;1;;;;1;;1;1;1;1;1
244;2022-09-02;339;271;51.0;27;25;20;18.0;13.0;11.0;6;11;12;7;11;11;9;9;6;;6;6;6;6;5.0;5.0;3;4;4;4.0;3;4;4;3;3;3;2;2;2;2;2;1;2.0;1;2;1;1;2;2;2;2;2;2;2;2;2;1;1;;1;1.0;1;1;1;1;1.0;1;1.0;1;1;1.0;1;1.0;1;1;;1;1;1;1;1;;;;1;;1;1;1;1;1
245;2022-09-03;339;271;51.0;27;25;20;18.0;13.0;11.0;6;11;12;7;11;11;9;9;6;;6;6;6;6;5.0;5.0;3;4;4;4.0;3;4;4;3;3;3;2;2;2;2;2;1;2.0;1;2;1;1;2;2;2;2;2;2;2;2;2;1;1;;1;1.0;1;1;1;1;1.0;1;1.0;1;1;1.0;1;1.0;1;1;;1;1;1;1;1;;;;1;;1;1;1;1;1
246;2022-09-04;339;271;51.0;27;25;20;18.0;13.0;11.0;6;11;12;7;11;11;9;9;6;;6;6;6;6;5.0;5.0;3;4;4;4.0;3;4;4;3;3;3;2;2;2;2;2;1;2.0;1;2;1;1;2;2;2;2;2;2;2;2;2;1;1;;1;1.0;1;1;1;1;1.0;1;1.0;1;1;1.0;1;1.0;1;1;;1;1;1;1;1;;;;1;;1;1;1;1;1
247;2022-09-05;339;271;51.0;27;25;20;18.0;13.0;11.0;6;11;12;7;11;11;9;9;6;;6;6;6;6;5.0;5.0;3;4;4;4.0;3;4;4;3;3;3;2;2;2;2;2;1;2.0;1;2;1;1;2;2;2;2;2;2;2;2;2;1;1;;1;1.0;1;1;1;1;1.0;1;1.0;1;1;1.0;1;1.0;1;1;;1;1;1;1;1;;;;1;;1;1;1;1;1
248;2022-09-06;339;271;51.0;27;25;20;18.0;13.0;11.0;6;11;12;7;11;11;9;9;6;;6;6;6;6;5.0;5.0;3;4;4;4.0;3;4;4;3;3;3;2;2;2;2;2;1;2.0;1;2;1;1;2;2;2;2;2;2;2;2;2;1;1;;1;1.0;1;1;1;1;1.0;1;1.0;1;1;1.0;1;1.0;1;1;;1;1;1;1;1;;;;1;;1;1;1;1;1
249;2022-09-07;339;271;51.0;27;25;20;18.0;13.0;11.0;6;11;12;7;11;11;9;9;6;;6;6;6;6;5.0;5.0;3;4;4;4.0;3;4;4;3;3;3;2;2;2;2;2;1;2.0;1;2;1;1;2;2;2;2;2;2;2;2;2;1;1;;1;1.0;1;1;1;1;1.0;1;1.0;1;1;1.0;1;1.0;1;1;;1;1;1;1;1;;;;1;;1;1;1;1;1
250;2022-09-08;339;271;51.0;27;25;20;18.0;13.0;11.0;6;11;12;7;11;11;9;9;6;;6;6;6;6;5.0;5.0;3;4;4;4.0;3;4;4;3;3;3;2;2;2;2;2;1;2.0;1;2;1;1;2;2;2;2;2;2;2;2;2;1;1;;1;1.0;1;1;1;1;1.0;1;1.0;1;1;1.0;1;1.0;1;1;;1;1;1;1;1;;;;1;;1;1;1;1;1
251;2022-09-09;339;271;51.0;27;25;20;18.0;13.0;11.0;6;11;12;7;11;11;9;9;6;;6;6;6;6;5.0;5.0;3;4;4;4.0;3;4;4;3;3;3;2;2;2;2;2;1;2.0;1;2;1;1;2;2;2;2;2;2;2;2;2;1;1;;1;1.0;1;1;1;1;1.0;1;1.0;1;1;1.0;1;1.0;1;1;;1;1;1;1;1;;;;1;;1;1;1;1;1
252;2022-09-10;339;271;51.0;27;25;20;18.0;13.0;11.0;6;11;12;7;11;11;9;9;6;;6;6;6;6;5.0;5.0;3;4;4;4.0;3;4;4;3;3;3;2;2;2;2;2;1;2.0;1;2;1;1;2;2;2;2;2;2;2;2;2;1;1;;1;1.0;1;1;1;1;1.0;1;1.0;1;1;1.0;1;1.0;1;1;;1;1;1;1;1;;;;1;;1;1;1;1;1
253;2022-09-11;335;270;51.0;27;25;20;18.0;13.0;11.0;6;11;12;7;11;11;9;9;6;8.0;6;6;6;6;5.0;5.0;3;4;4;4.0;3;4;4;3;3;3;2;2;2;2;2;1;2.0;1;2;1;1;2;2;2;2;2;2;1;2;2;1;1;;1;1.0;1;1;1;1;1.0;1;1.0;1;1;;1;;1;1;;1;1;1;1;1;;;;1;;1;1;1;1;1
254;2022-09-12;335;270;51.0;27;25;20;18.0;13.0;11.0;6;11;12;7;11;11;9;9;6;8.0;6;6;6;6;5.0;5.0;3;4;4;4.0;3;4;4;3;3;3;2;2;2;2;2;1;2.0;1;2;1;1;2;2;2;2;2;2;1;2;2;1;1;;1;1.0;1;1;1;1;1.0;1;1.0;1;1;;1;;1;1;;1;1;1;1;1;;;;1;;1;1;1;1;1
